Size,Number Of Revisions(numNR),Number Of DefectFixes(NumFix),Number Of Comment Lines In Class,totalInvokedClasses,Number Of Methods,Number Of Java Imports, Number Of Api Imports,Number Of Package Imports,Number Of Authors (numAuth),CHURN value,CHURN MAX,CHURN Averange,LOC touched value,LOC added MAX,LOC added Averange,LOC deleted MAX,LOC deleted Averange,Is Buggy 
24,2,0,1,0,0,0,0,0,1,48,24,24.0,48,24,24.0,0,24.0,NO
25,3,0,2,0,0,0,0,0,1,59,28,19.666666666666668,59,28,18.666666666666668,3,18.666666666666668,NO
339,12,0,22,8,19,10,3,1,1,647,300,53.916666666666664,813,300,60.5,32,60.5,NO
725,15,0,40,26,50,12,6,0,1,1204,451,80.26666666666667,1648,451,94.13333333333334,80,94.13333333333334,NO
24,2,0,1,0,0,0,0,0,1,48,24,24.0,48,24,24.0,0,24.0,NO
218,5,0,24,7,8,8,0,4,1,426,208,85.2,466,208,89.2,10,89.2,YES
193,5,0,18,6,4,10,0,4,1,376,183,75.2,402,183,77.8,5,77.8,YES
32,2,0,2,0,3,1,0,0,1,64,32,32.0,64,32,32.0,0,32.0,NO
36,2,0,6,0,0,1,0,0,1,72,36,36.0,72,36,36.0,0,36.0,YES
36,3,0,5,0,0,0,0,0,1,75,37,25.0,75,37,24.666666666666668,1,24.666666666666668,NO
279,9,0,8,4,14,6,0,5,1,543,250,60.333333333333336,569,250,61.0,11,61.0,YES
462,14,0,13,4,26,6,1,8,1,883,265,63.07142857142857,1483,265,78.92857142857143,169,78.92857142857143,YES
252,8,0,10,2,23,5,0,7,1,419,164,52.375,541,164,59.875,31,59.875,YES
24,1,0,3,0,0,0,0,0,1,24,24,24.0,24,24,24.0,0,24.0,NO
28,2,0,3,0,0,1,0,1,1,56,28,28.0,56,28,28.0,0,28.0,NO
57,5,0,2,1,3,1,2,7,1,114,57,22.8,144,57,25.8,7,25.8,NO
54,4,0,5,0,3,1,0,6,1,107,53,26.75,135,53,30.25,9,30.25,NO
300,2,0,3,5,27,4,0,3,1,310,305,155.0,310,305,152.5,5,152.5,NO
250,2,0,3,2,23,3,0,2,1,282,266,141.0,282,266,133.0,16,133.0,NO
622,1,0,30,5,28,5,0,3,1,622,622,622.0,622,622,622.0,0,622.0,YES
37,4,0,2,0,0,1,0,1,1,79,39,19.75,85,39,20.25,3,20.25,NO
35,4,0,2,0,0,1,0,1,1,73,36,18.25,79,36,18.75,3,18.75,NO
287,2,0,4,1,2,3,0,2,1,287,279,143.5,291,279,144.5,2,144.5,NO
275,2,0,2,1,3,3,0,2,1,275,269,137.5,281,269,139.0,3,139.0,NO
383,1,0,5,4,3,3,0,3,1,383,383,383.0,383,383,383.0,0,383.0,NO
223,1,0,5,2,9,1,0,2,1,223,223,223.0,223,223,223.0,0,223.0,NO
489,1,0,6,3,5,1,0,3,1,489,489,489.0,489,489,489.0,0,489.0,NO
358,1,0,7,3,25,4,0,3,1,358,358,358.0,358,358,358.0,0,358.0,NO
225,1,0,2,2,22,3,0,3,1,225,225,225.0,225,225,225.0,0,225.0,NO
40,3,0,2,0,1,1,0,0,1,92,44,30.666666666666668,92,44,29.333333333333332,4,29.333333333333332,NO
86,5,0,5,1,4,5,0,0,1,155,69,31.0,189,69,34.4,16,34.4,NO
87,3,0,4,0,5,3,0,0,1,174,87,58.0,176,87,58.333333333333336,1,58.333333333333336,NO
183,7,0,17,10,7,6,2,13,1,288,105,41.142857142857146,382,105,47.857142857142854,25,47.857142857142854,NO
174,8,0,11,11,2,3,2,7,1,298,124,37.25,378,124,42.25,24,42.25,NO
110,4,0,2,6,4,6,2,0,1,244,118,61.0,294,118,65.25,26,65.25,NO
93,3,0,5,0,3,5,2,0,1,180,87,60.0,180,87,60.0,0,60.0,NO
42,3,0,2,0,1,3,0,0,1,82,40,27.333333333333332,82,40,27.333333333333332,0,27.333333333333332,NO
30,1,0,3,0,0,1,0,1,1,30,30,30.0,30,30,30.0,0,30.0,YES
244,8,0,11,4,0,11,2,10,1,440,194,55.0,500,194,58.625,13,58.625,YES
118,7,0,3,2,7,4,0,4,1,246,92,35.142857142857146,336,92,39.0,41,39.0,YES
67,7,0,2,1,5,2,0,6,1,153,61,21.857142857142858,187,61,22.571428571428573,17,22.571428571428573,YES
85,4,0,3,3,4,5,0,9,1,162,77,40.5,186,77,43.5,7,43.5,NO
124,7,0,5,3,5,5,0,11,1,244,118,34.857142857142854,282,118,37.42857142857143,13,37.42857142857143,YES
105,3,0,6,3,6,5,5,1,1,189,84,63.0,203,84,65.33333333333333,7,65.33333333333333,NO
28,3,0,2,0,1,2,0,0,1,56,28,18.666666666666668,62,28,19.666666666666668,3,19.666666666666668,NO
269,11,0,16,7,12,5,2,3,1,500,225,45.45454545454545,556,225,47.72727272727273,12,47.72727272727273,YES
48,7,0,2,0,3,0,0,3,1,379,125,54.142857142857146,433,125,43.285714285714285,88,43.285714285714285,YES
36,5,0,2,0,1,0,0,3,1,93,43,18.6,111,43,19.0,6,19.0,YES
40,1,0,2,0,2,0,0,2,1,40,40,40.0,40,40,40.0,0,40.0,NO
28,1,0,2,0,0,0,0,2,1,28,28,28.0,28,28,28.0,0,28.0,NO
28,3,0,1,0,0,0,0,1,1,62,30,20.666666666666668,62,30,20.0,2,20.0,NO
64,1,0,2,0,2,0,0,1,1,64,64,64.0,64,64,64.0,0,64.0,NO
56,3,0,3,3,0,2,0,8,1,109,53,36.333333333333336,121,53,38.333333333333336,6,38.333333333333336,YES
41,3,0,2,2,0,0,0,5,1,97,46,32.333333333333336,105,46,32.0,9,32.0,YES
80,2,0,2,2,5,1,0,0,1,160,80,80.0,160,80,80.0,0,80.0,NO
24,1,0,1,0,0,0,0,0,1,1,1,1.0,1,1,1.0,0,1.0,NO
25,1,0,2,0,0,0,0,0,1,1,1,1.0,1,1,1.0,0,1.0,NO
341,2,1,22,8,19,10,3,1,1,3,2,1.5,7,3,2.5,1,2.5,NO
728,4,1,40,26,52,12,6,0,1,44,22,11.0,70,23,9.25,32,9.25,YES
24,1,0,1,0,0,0,0,0,1,1,1,1.0,1,1,1.0,0,1.0,NO
218,1,0,24,7,8,8,0,4,1,1,1,1.0,3,2,2.0,1,2.0,YES
206,2,1,19,7,4,11,0,5,1,14,13,7.0,16,13,7.5,1,7.5,YES
34,1,0,2,0,3,3,0,0,1,3,3,3.0,5,4,4.0,1,4.0,NO
36,2,1,6,0,0,1,0,0,1,1,1,0.5,11,3,3.0,3,3.0,NO
36,2,0,5,0,0,0,0,0,1,1,1,0.5,3,1,1.0,1,1.0,NO
26,1,0,3,0,0,0,0,1,1,27,27,27.0,27,27,27.0,0,27.0,NO
428,3,0,18,6,33,6,0,7,1,150,145,50.0,178,155,54.666666666666664,10,54.666666666666664,YES
462,4,1,13,4,26,6,1,8,1,1,1,0.25,21,5,2.75,5,2.75,YES
191,3,1,3,1,14,5,0,6,1,75,68,25.0,101,11,6.666666666666667,79,6.666666666666667,YES
24,1,0,3,0,0,0,0,0,1,0,0,0.0,2,1,1.0,1,1.0,NO
24,2,0,2,0,0,1,0,0,1,6,5,3.0,10,2,1.5,6,1.5,NO
57,1,0,2,1,3,1,2,7,1,1,1,1.0,1,1,1.0,0,1.0,NO
54,1,0,5,0,3,1,0,6,1,1,1,1.0,1,1,1.0,0,1.0,NO
192,3,0,9,4,4,3,0,4,1,192,190,64.0,370,190,93.66666666666667,88,93.66666666666667,NO
300,2,0,3,5,27,4,0,3,1,1,1,0.5,5,2,1.5,1,1.5,NO
250,1,0,3,2,22,3,0,2,1,1,1,1.0,5,3,3.0,2,3.0,NO
627,2,1,30,5,29,5,0,3,1,6,5,3.0,10,5,4.0,2,4.0,NO
37,0,0,2,0,0,1,0,1,0,0,0,0.0,0,0,0.0,0,0.0,NO
35,1,0,2,0,0,1,0,1,1,1,1,1.0,1,1,1.0,0,1.0,NO
279,3,0,4,1,1,3,0,1,1,7,7,2.3333333333333335,17,3,1.6666666666666667,10,1.6666666666666667,NO
274,1,0,2,1,3,3,0,1,1,0,0,0.0,2,1,1.0,1,1.0,NO
398,3,0,2,4,29,3,3,6,1,401,397,133.66666666666666,433,397,138.66666666666666,9,138.66666666666666,NO
240,3,0,2,6,21,4,3,6,1,243,239,81.0,255,239,82.66666666666667,4,82.66666666666667,YES
74,2,0,1,1,2,1,0,4,1,75,74,37.5,75,74,37.5,0,37.5,NO
69,3,0,2,1,2,2,0,1,1,70,52,23.333333333333332,70,52,23.333333333333332,0,23.333333333333332,NO
203,2,0,2,4,8,2,0,4,1,21,20,10.5,163,71,36.0,91,36.0,NO
229,2,0,1,2,24,3,0,6,1,130,129,65.0,280,75,38.0,204,38.0,NO
202,2,0,2,4,21,4,0,6,1,24,23,12.0,186,81,41.0,104,41.0,NO
102,2,0,1,2,2,2,0,2,1,103,102,51.5,103,102,51.5,0,51.5,YES
144,2,0,3,1,6,2,0,1,1,145,144,72.5,149,144,73.5,2,73.5,YES
337,3,0,7,5,5,4,0,3,1,338,337,112.66666666666667,340,337,113.0,1,113.0,NO
94,2,0,1,0,0,1,0,0,1,95,94,47.5,99,94,48.5,2,48.5,NO
382,2,0,11,12,12,5,5,0,1,383,382,191.5,383,382,191.5,0,191.5,YES
138,3,0,2,2,4,3,0,2,1,139,138,46.333333333333336,141,138,46.666666666666664,1,46.666666666666664,NO
40,1,0,2,0,1,1,0,0,1,1,1,1.0,1,1,1.0,0,1.0,NO
86,1,0,5,1,4,5,0,0,1,1,1,1.0,3,2,2.0,1,2.0,NO
90,1,0,4,0,5,5,0,0,1,4,4,4.0,10,7,7.0,3,7.0,NO
149,1,0,1,0,3,3,0,1,1,149,149,149.0,149,149,149.0,0,149.0,NO
74,1,0,1,0,7,0,0,0,1,74,74,74.0,74,74,74.0,0,74.0,NO
231,2,0,17,11,8,7,2,13,1,49,48,24.5,59,53,27.0,5,27.0,NO
221,2,0,11,12,3,8,2,13,1,48,36,24.0,68,40,29.0,6,29.0,NO
110,1,0,2,6,4,6,2,0,1,1,1,1.0,3,2,2.0,1,2.0,NO
94,1,0,5,0,3,6,2,0,1,2,2,2.0,6,4,4.0,2,4.0,NO
42,1,0,2,0,1,3,0,0,1,1,1,1.0,5,3,3.0,2,3.0,NO
36,2,1,2,0,0,5,0,0,1,7,4,3.5,13,6,5.0,2,5.0,NO
304,4,2,14,6,10,12,2,11,1,61,27,15.25,125,40,23.25,14,23.25,YES
117,3,2,2,2,7,3,0,3,1,6,3,2.0,22,6,3.6666666666666665,8,3.6666666666666665,YES
65,7,4,1,1,3,1,0,4,1,34,14,4.857142857142857,62,16,4.285714285714286,18,4.285714285714286,YES
113,4,1,5,3,4,5,0,9,1,29,16,7.25,39,18,8.5,3,8.5,NO
128,3,1,5,3,5,5,0,11,1,5,4,1.6666666666666667,9,5,2.3333333333333335,1,2.3333333333333335,YES
105,1,0,6,3,6,5,5,1,1,1,1,1.0,5,3,3.0,2,3.0,NO
28,1,0,2,0,1,2,0,0,1,1,1,1.0,1,1,1.0,0,1.0,NO
287,4,0,17,7,13,6,2,3,1,19,11,4.75,27,12,5.75,1,5.75,YES
70,2,0,5,1,3,1,0,3,1,71,67,35.5,83,67,38.5,6,38.5,YES
47,2,1,2,0,3,0,0,2,1,0,0,0.0,4,1,1.0,1,1.0,YES
35,2,1,2,0,1,0,0,2,1,0,0,0.0,4,1,1.0,1,1.0,NO
40,2,0,2,0,2,0,0,2,1,1,1,0.5,3,1,1.0,1,1.0,YES
28,1,0,2,0,0,0,0,2,1,1,1,1.0,1,1,1.0,0,1.0,NO
27,2,0,1,0,0,0,0,1,1,2,1,1.0,6,2,1.5,3,1.5,NO
71,2,0,2,0,3,0,0,1,1,8,7,4.0,18,12,6.5,5,6.5,YES
80,5,2,5,3,0,2,0,6,1,25,13,5.0,47,13,7.2,7,7.2,NO
40,2,1,2,2,0,0,0,4,1,0,0,0.0,4,1,1.0,1,1.0,YES
87,2,0,2,2,6,1,0,1,1,7,5,3.5,17,8,6.0,3,6.0,NO
25,1,0,2,0,0,0,0,0,1,1,1,1.0,1,1,1.0,0,1.0,NO
25,0,0,2,0,0,0,0,0,0,0,0,0.0,0,0,0.0,0,0.0,NO
354,1,0,24,8,21,11,3,1,1,13,13,13.0,17,15,15.0,2,15.0,YES
774,2,0,47,27,57,12,6,0,1,47,46,23.5,145,95,47.5,49,47.5,YES
25,1,0,2,0,0,0,0,0,1,1,1,1.0,1,1,1.0,0,1.0,NO
38,1,1,1,0,0,0,0,0,1,38,38,38.0,38,38,38.0,0,38.0,NO
235,2,1,24,7,9,8,0,4,1,17,9,8.5,39,19,14.0,11,14.0,NO
199,1,1,19,7,4,11,0,5,1,7,7,7.0,25,9,9.0,16,9.0,NO
34,0,0,2,0,3,3,0,0,0,0,0,0.0,0,0,0.0,0,0.0,NO
36,0,0,6,0,0,1,0,0,0,0,0,0.0,0,0,0.0,0,0.0,NO
36,0,0,5,0,0,0,0,0,0,0,0,0.0,0,0,0.0,0,0.0,NO
26,0,0,3,0,0,0,0,1,0,0,0,0.0,0,0,0.0,0,0.0,NO
441,2,1,19,7,34,6,0,7,1,13,12,6.5,13,12,6.5,0,6.5,YES
465,1,0,13,4,27,6,1,8,1,3,3,3.0,7,5,5.0,2,5.0,YES
191,0,0,3,1,14,5,0,6,0,0,0,0.0,0,0,0.0,0,0.0,YES
24,0,0,3,0,0,0,0,0,0,0,0,0.0,0,0,0.0,0,0.0,NO
24,0,0,2,0,0,1,0,0,0,0,0,0.0,0,0,0.0,0,0.0,NO
52,1,0,2,1,3,1,0,7,1,5,5,5.0,5,0,0.0,5,0.0,NO
54,0,0,5,0,3,1,0,6,0,0,0,0.0,0,0,0.0,0,0.0,NO
192,0,0,9,4,4,3,0,4,0,0,0,0.0,0,0,0.0,0,0.0,NO
300,0,0,3,5,27,4,0,3,0,0,0,0.0,0,0,0.0,0,0.0,NO
250,0,0,3,2,22,3,0,2,0,0,0,0.0,0,0,0.0,0,0.0,NO
618,1,0,30,5,29,5,0,3,1,9,9,9.0,9,0,0.0,9,0.0,NO
37,0,0,2,0,0,1,0,1,0,0,0,0.0,0,0,0.0,0,0.0,NO
35,0,0,2,0,0,1,0,1,0,0,0,0.0,0,0,0.0,0,0.0,NO
279,0,0,4,1,1,3,0,1,0,0,0,0.0,0,0,0.0,0,0.0,NO
274,0,0,2,1,3,3,0,1,0,0,0,0.0,0,0,0.0,0,0.0,NO
398,0,0,2,4,29,3,3,6,0,0,0,0.0,0,0,0.0,0,0.0,NO
238,1,1,2,6,21,4,3,6,1,2,2,2.0,4,1,1.0,3,1.0,NO
74,0,0,1,1,2,1,0,4,0,0,0,0.0,0,0,0.0,0,0.0,NO
69,0,0,2,1,2,2,0,1,0,0,0,0.0,0,0,0.0,0,0.0,NO
203,0,0,2,4,8,2,0,4,0,0,0,0.0,0,0,0.0,0,0.0,NO
229,0,0,1,2,24,3,0,6,0,0,0,0.0,0,0,0.0,0,0.0,NO
202,0,0,2,4,21,4,0,6,0,0,0,0.0,0,0,0.0,0,0.0,NO
101,1,1,1,2,2,2,0,2,1,1,1,1.0,3,1,1.0,2,1.0,NO
165,1,1,3,1,6,2,0,1,1,21,21,21.0,21,21,21.0,0,21.0,NO
337,0,0,7,5,5,4,0,3,0,0,0,0.0,0,0,0.0,0,0.0,NO
94,0,0,1,0,0,1,0,0,0,0,0,0.0,0,0,0.0,0,0.0,NO
381,1,1,11,12,12,5,5,0,1,1,1,1.0,1,0,0.0,1,0.0,NO
138,0,0,2,2,4,3,0,2,0,0,0,0.0,0,0,0.0,0,0.0,NO
40,0,0,2,0,1,1,0,0,0,0,0,0.0,0,0,0.0,0,0.0,NO
86,0,0,5,1,4,5,0,0,0,0,0,0.0,0,0,0.0,0,0.0,NO
90,0,0,4,0,5,5,0,0,0,0,0,0.0,0,0,0.0,0,0.0,NO
78,1,0,2,4,3,5,2,0,1,79,79,79.0,79,79,79.0,0,79.0,NO
84,1,0,5,0,1,6,2,0,1,84,84,84.0,84,84,84.0,0,84.0,NO
59,2,0,4,4,2,1,2,1,1,93,76,46.5,111,76,42.5,26,42.5,NO
111,4,0,6,1,1,9,0,0,1,124,116,31.0,128,116,30.0,6,30.0,NO
149,1,0,1,0,3,3,0,1,1,0,0,0.0,36,18,18.0,18,18.0,NO
74,1,0,1,0,7,0,0,0,1,0,0,0.0,8,4,4.0,4,4.0,NO
230,2,0,14,11,8,7,2,13,1,1,1,0.5,21,8,5.0,9,5.0,NO
208,2,0,10,12,3,7,2,13,1,13,13,6.5,33,8,5.0,21,5.0,NO
55,1,0,2,1,1,3,4,1,1,56,56,56.0,56,56,56.0,0,56.0,NO
29,1,0,4,0,0,0,0,0,1,29,29,29.0,29,29,29.0,0,29.0,NO
110,1,0,2,6,4,6,2,0,1,0,0,0.0,4,2,2.0,2,2.0,NO
96,1,0,5,0,3,6,2,0,1,2,2,2.0,16,9,9.0,7,9.0,NO
42,0,0,2,0,1,3,0,0,0,0,0,0.0,0,0,0.0,0,0.0,NO
36,0,0,2,0,0,5,0,0,0,0,0,0.0,0,0,0.0,0,0.0,NO
356,2,0,17,6,12,13,2,11,1,51,50,25.5,91,70,35.5,20,35.5,YES
100,1,0,2,2,6,3,0,3,1,17,17,17.0,31,7,7.0,24,7.0,YES
73,1,0,1,1,3,1,0,4,1,8,8,8.0,8,8,8.0,0,8.0,YES
111,1,0,5,3,4,5,0,9,1,2,2,2.0,4,1,1.0,3,1.0,NO
99,1,0,5,3,4,4,0,9,1,29,29,29.0,33,2,2.0,31,2.0,YES
79,1,0,6,2,6,3,5,1,1,26,26,26.0,32,3,3.0,29,3.0,NO
28,1,0,2,0,1,2,0,0,1,0,0,0.0,4,2,2.0,2,2.0,NO
309,3,2,18,8,14,9,0,3,2,22,21,7.333333333333333,332,174,59.0,153,59.0,YES
94,1,0,5,2,4,2,0,4,1,27,27,27.0,29,28,28.0,1,28.0,YES
45,1,0,2,0,3,0,0,2,1,2,2,2.0,14,6,6.0,8,6.0,YES
39,1,0,2,0,1,0,0,2,1,4,4,4.0,8,6,6.0,2,6.0,NO
40,0,0,2,0,2,0,0,2,0,0,0,0.0,0,0,0.0,0,0.0,YES
28,0,0,2,0,0,0,0,2,0,0,0,0.0,0,0,0.0,0,0.0,NO
27,0,0,1,0,0,0,0,1,0,0,0,0.0,0,0,0.0,0,0.0,NO
71,0,0,2,0,3,0,0,1,0,0,0,0.0,0,0,0.0,0,0.0,YES
80,1,0,5,3,0,2,0,6,1,0,0,0.0,2,1,1.0,1,1.0,NO
40,1,0,2,2,0,0,0,4,1,0,0,0.0,2,1,1.0,1,1.0,YES
87,0,0,2,2,6,1,0,1,0,0,0,0.0,0,0,0.0,0,0.0,NO
28,1,0,2,0,0,0,0,0,1,29,29,29.0,29,29,29.0,0,29.0,NO
28,1,0,2,0,0,0,0,0,1,29,29,29.0,29,29,29.0,0,29.0,NO
387,3,0,29,8,26,11,3,1,2,390,388,130.0,398,388,131.0,3,131.0,NO
1087,7,2,57,31,77,16,6,0,3,1087,913,155.28571428571428,1211,913,164.14285714285714,53,164.14285714285714,NO
25,1,0,2,0,0,0,0,0,1,26,26,26.0,26,26,26.0,0,26.0,NO
50,4,0,4,0,1,2,0,0,2,54,39,13.5,80,39,16.25,7,16.25,NO
76,2,0,5,1,1,3,0,1,2,76,70,38.0,76,70,38.0,0,38.0,NO
38,3,0,1,0,0,0,0,0,2,38,37,12.666666666666666,46,37,14.0,3,14.0,NO
168,3,0,8,3,12,4,0,3,1,169,149,56.333333333333336,281,149,75.0,51,75.0,NO
267,6,1,19,7,9,10,0,5,2,276,177,46.0,384,177,54.333333333333336,22,54.333333333333336,NO
374,6,0,23,14,13,20,0,7,2,380,238,63.333333333333336,456,238,69.16666666666667,14,69.16666666666667,NO
145,5,0,5,7,4,9,0,1,2,157,104,31.4,223,104,36.8,17,36.8,NO
85,1,0,3,0,6,3,0,0,1,85,85,85.0,85,85,85.0,0,85.0,NO
64,5,0,3,2,3,2,0,0,2,64,57,12.8,114,57,17.8,13,17.8,NO
36,1,0,2,0,3,4,0,0,1,37,37,37.0,37,37,37.0,0,37.0,NO
36,1,0,6,0,0,1,0,0,1,37,37,37.0,37,37,37.0,0,37.0,NO
36,1,0,5,0,0,0,0,0,1,37,37,37.0,37,37,37.0,0,37.0,NO
26,1,0,3,0,0,0,0,1,1,27,27,27.0,27,27,27.0,0,27.0,NO
491,6,2,28,6,43,4,0,7,3,499,489,83.16666666666667,551,489,86.83333333333333,14,86.83333333333333,NO
354,5,1,4,4,27,4,0,7,3,607,476,121.4,751,476,110.6,189,110.6,NO
196,3,1,3,1,15,5,0,6,2,199,198,66.33333333333333,207,198,67.33333333333333,3,67.33333333333333,NO
24,1,0,3,0,0,0,0,0,1,24,24,24.0,24,24,24.0,0,24.0,NO
27,2,1,3,0,0,0,0,0,1,33,30,16.5,39,30,16.5,6,16.5,NO
55,1,0,2,1,3,1,0,7,1,56,56,56.0,56,56,56.0,0,56.0,NO
54,1,0,2,0,3,1,0,6,1,55,55,55.0,55,55,55.0,0,55.0,NO
26,1,1,4,0,0,0,0,0,1,26,26,26.0,26,26,26.0,0,26.0,NO
187,3,0,10,3,2,1,0,5,2,197,192,65.66666666666667,253,192,73.33333333333333,30,73.33333333333333,NO
983,4,0,48,6,51,4,0,1,2,983,673,245.75,1327,820,288.75,147,288.75,NO
252,2,1,3,2,22,3,0,2,2,253,251,126.5,255,251,127.0,1,127.0,NO
620,2,1,30,5,29,5,0,3,2,621,619,310.5,637,619,314.5,8,314.5,NO
37,1,0,2,0,0,1,0,1,1,38,38,38.0,38,38,38.0,0,38.0,NO
35,1,0,2,0,0,1,0,1,1,36,36,36.0,36,36,36.0,0,36.0,NO
286,2,0,4,1,1,3,0,1,1,287,280,143.5,289,280,144.0,1,144.0,NO
232,1,0,5,5,8,1,0,0,1,232,232,232.0,232,232,232.0,0,232.0,NO
203,1,0,3,5,13,4,0,1,1,203,203,203.0,203,203,203.0,0,203.0,NO
270,1,0,2,1,3,4,0,1,1,271,271,271.0,271,271,271.0,0,271.0,NO
425,6,2,5,5,31,4,3,6,2,426,424,71.0,440,424,72.16666666666667,2,72.16666666666667,NO
244,6,3,2,6,21,4,3,6,2,245,239,40.833333333333336,267,239,42.666666666666664,6,42.666666666666664,NO
74,1,0,1,1,2,1,0,4,1,75,75,75.0,75,75,75.0,0,75.0,NO
69,1,0,2,1,2,2,0,1,1,70,70,70.0,70,70,70.0,0,70.0,NO
228,11,3,2,2,6,1,0,4,2,265,204,24.09090909090909,389,204,28.09090909090909,61,28.09090909090909,NO
231,6,3,1,2,24,3,0,6,2,236,230,39.333333333333336,242,230,39.5,3,39.5,NO
202,5,2,2,4,21,4,0,6,2,203,203,40.6,211,203,41.4,1,41.4,NO
99,5,1,1,2,2,2,0,2,2,108,102,21.6,126,102,22.6,4,22.6,NO
191,6,3,3,1,6,2,0,1,2,214,166,35.666666666666664,382,166,47.833333333333336,39,47.833333333333336,NO
447,10,3,8,6,5,7,1,5,2,464,338,46.4,540,338,49.4,20,49.4,YES
95,6,3,1,0,0,1,0,0,2,98,95,16.333333333333332,116,95,17.666666666666668,4,17.666666666666668,NO
549,10,3,11,12,20,6,0,1,2,606,382,60.6,648,382,59.9,17,59.9,NO
136,5,1,2,2,4,3,0,2,2,145,139,29.0,159,139,29.6,4,29.6,NO
40,1,0,2,0,1,1,0,0,1,41,41,41.0,41,41,41.0,0,41.0,NO
86,1,0,5,1,4,5,0,0,1,87,87,87.0,87,87,87.0,0,87.0,NO
90,1,0,4,0,5,5,0,0,1,91,91,91.0,91,91,91.0,0,91.0,NO
79,2,0,1,4,3,5,2,0,1,80,79,40.0,82,79,40.5,1,40.5,NO
85,2,0,4,0,1,6,2,0,1,85,84,42.5,87,84,43.0,1,43.0,NO
59,1,0,4,4,2,1,2,1,1,59,59,59.0,59,59,59.0,0,59.0,NO
112,2,0,6,1,1,9,0,0,1,113,112,56.5,119,112,58.0,3,58.0,NO
52,1,0,2,1,2,3,0,0,1,52,52,52.0,52,52,52.0,0,52.0,NO
157,1,0,1,0,5,3,0,2,1,157,157,157.0,157,157,157.0,0,157.0,NO
74,1,0,1,0,7,0,0,0,1,74,74,74.0,74,74,74.0,0,74.0,NO
230,2,0,14,8,8,7,2,14,1,231,230,115.5,237,230,117.0,3,117.0,NO
211,2,0,10,9,3,7,2,13,1,212,211,106.0,216,211,107.0,2,107.0,NO
55,1,0,2,1,1,3,4,1,1,56,56,56.0,56,56,56.0,0,56.0,NO
29,1,0,4,0,0,0,0,0,1,29,29,29.0,29,29,29.0,0,29.0,NO
111,2,0,1,6,4,6,2,0,1,112,111,56.0,114,111,56.5,1,56.5,NO
98,2,0,4,0,3,6,2,0,1,99,98,49.5,101,98,50.0,1,50.0,NO
43,1,0,2,0,1,4,0,0,1,44,44,44.0,44,44,44.0,0,44.0,NO
54,1,0,1,0,3,0,0,0,1,54,54,54.0,54,54,54.0,0,54.0,NO
205,1,0,5,5,11,4,0,0,1,205,205,205.0,205,205,205.0,0,205.0,NO
121,1,0,8,3,3,6,0,5,1,121,121,121.0,121,121,121.0,0,121.0,NO
107,1,0,1,0,4,3,4,2,1,107,107,107.0,107,107,107.0,0,107.0,NO
74,1,0,8,2,4,0,0,0,1,74,74,74.0,74,74,74.0,0,74.0,NO
76,2,0,1,1,3,6,0,1,2,78,77,39.0,80,77,39.0,2,39.0,NO
412,3,0,39,7,16,15,2,9,2,416,413,138.66666666666666,446,413,143.0,14,143.0,YES
146,2,0,3,2,10,6,0,4,2,146,146,73.0,150,146,74.0,2,74.0,NO
125,1,0,4,4,9,4,0,5,1,125,125,125.0,125,125,125.0,0,125.0,NO
75,1,0,5,1,0,2,0,6,1,76,76,76.0,76,76,76.0,0,76.0,NO
47,1,0,2,0,0,0,0,5,1,48,48,48.0,48,48,48.0,0,48.0,NO
34,1,0,1,0,0,5,0,0,1,34,34,34.0,34,34,34.0,0,34.0,NO
39,1,0,2,0,0,5,0,0,1,39,39,39.0,39,39,39.0,0,39.0,NO
36,1,0,2,0,0,5,0,0,1,37,37,37.0,37,37,37.0,0,37.0,NO
79,1,0,6,2,6,3,5,1,1,80,80,80.0,80,80,80.0,0,80.0,NO
28,1,0,2,0,1,2,0,0,1,29,29,29.0,29,29,29.0,0,29.0,NO
422,4,1,14,6,16,12,0,4,2,425,424,106.25,457,424,110.0,14,110.0,NO
211,2,1,12,3,10,7,0,8,1,301,258,150.5,301,258,129.0,43,129.0,NO
88,2,1,3,1,5,3,0,2,1,89,89,44.5,91,89,45.0,1,45.0,NO
57,1,0,2,0,2,1,0,3,1,58,58,58.0,58,58,58.0,0,58.0,NO
43,2,1,5,0,2,0,0,2,1,44,44,22.0,46,44,22.5,1,22.5,NO
27,1,0,2,0,0,0,0,1,1,28,28,28.0,28,28,28.0,0,28.0,NO
25,2,1,1,0,0,0,0,1,1,30,28,15.0,34,28,15.0,4,15.0,NO
53,2,1,5,0,4,0,0,1,1,54,49,27.0,56,49,27.5,1,27.5,NO
105,2,0,5,1,4,4,0,9,2,108,107,54.0,112,107,54.5,3,54.5,NO
107,2,0,2,1,4,3,0,10,2,110,109,55.0,118,109,56.5,5,56.5,NO
85,2,0,2,3,3,4,3,7,1,85,84,42.5,89,84,43.5,2,43.5,NO
54,1,0,2,1,3,4,0,2,1,54,54,54.0,54,54,54.0,0,54.0,NO
78,1,0,5,2,3,4,1,7,1,78,78,78.0,78,78,78.0,0,78.0,NO
98,2,0,2,3,3,5,3,8,2,98,82,49.0,108,82,51.5,5,51.5,NO
78,2,0,1,4,3,5,0,2,1,78,78,39.0,80,78,39.5,1,39.5,NO
77,1,0,2,3,3,4,0,5,1,77,77,77.0,77,77,77.0,0,77.0,NO
97,3,0,2,12,1,4,0,2,2,97,81,32.333333333333336,101,81,33.0,2,33.0,NO
176,2,0,3,11,5,7,6,7,1,176,140,88.0,196,140,93.0,10,93.0,NO
123,2,0,1,7,5,6,6,8,1,123,98,61.5,149,98,68.0,13,68.0,NO
51,2,0,1,0,0,3,0,0,1,51,51,25.5,53,51,26.0,1,26.0,NO
71,2,0,3,3,0,5,0,4,1,71,57,35.5,71,57,35.5,0,35.5,NO
92,2,0,2,2,6,1,0,1,1,92,87,46.0,92,87,46.0,0,46.0,NO
28,0,0,2,0,0,0,0,0,0,0,0,0.0,0,0,0.0,0,0.0,NO
28,0,0,2,0,0,0,0,0,0,0,0,0.0,0,0,0.0,0,0.0,NO
387,0,0,29,8,26,11,3,1,0,0,0,0.0,0,0,0.0,0,0.0,NO
1087,0,0,57,31,77,16,6,0,0,0,0,0.0,0,0,0.0,0,0.0,NO
25,0,0,2,0,0,0,0,0,0,0,0,0.0,0,0,0.0,0,0.0,NO
50,0,0,4,0,1,2,0,0,0,0,0,0.0,0,0,0.0,0,0.0,NO
76,0,0,5,1,1,3,0,1,0,0,0,0.0,0,0,0.0,0,0.0,NO
38,0,0,1,0,0,0,0,0,0,0,0,0.0,0,0,0.0,0,0.0,NO
168,0,0,8,3,12,4,0,3,0,0,0,0.0,0,0,0.0,0,0.0,NO
268,1,0,19,7,9,11,0,5,1,1,1,1.0,3,2,2.0,1,2.0,NO
374,0,0,23,14,13,20,0,7,0,0,0,0.0,0,0,0.0,0,0.0,YES
145,0,0,5,7,4,9,0,1,0,0,0,0.0,0,0,0.0,0,0.0,NO
85,0,0,3,0,6,3,0,0,0,0,0,0.0,0,0,0.0,0,0.0,NO
64,0,0,3,2,3,2,0,0,0,0,0,0.0,0,0,0.0,0,0.0,NO
36,0,0,2,0,3,4,0,0,0,0,0,0.0,0,0,0.0,0,0.0,NO
36,0,0,6,0,0,1,0,0,0,0,0,0.0,0,0,0.0,0,0.0,NO
36,0,0,5,0,0,0,0,0,0,0,0,0.0,0,0,0.0,0,0.0,NO
26,0,0,3,0,0,0,0,1,0,0,0,0.0,0,0,0.0,0,0.0,NO
491,0,0,28,6,43,4,0,7,0,0,0,0.0,0,0,0.0,0,0.0,NO
354,0,0,4,4,27,4,0,7,0,0,0,0.0,0,0,0.0,0,0.0,NO
196,0,0,3,1,15,5,0,6,0,0,0,0.0,0,0,0.0,0,0.0,NO
24,0,0,3,0,0,0,0,0,0,0,0,0.0,0,0,0.0,0,0.0,NO
27,0,0,3,0,0,0,0,0,0,0,0,0.0,0,0,0.0,0,0.0,NO
69,1,1,2,1,4,1,0,7,1,14,14,14.0,14,14,14.0,0,14.0,NO
56,1,1,2,0,3,1,0,6,1,2,2,2.0,6,4,4.0,2,4.0,NO
26,0,0,4,0,0,0,0,0,0,0,0,0.0,0,0,0.0,0,0.0,NO
187,0,0,10,3,2,1,0,5,0,0,0,0.0,0,0,0.0,0,0.0,NO
983,0,0,48,6,51,4,0,1,0,0,0,0.0,0,0,0.0,0,0.0,NO
252,0,0,3,2,22,3,0,2,0,0,0,0.0,0,0,0.0,0,0.0,NO
620,0,0,30,5,29,5,0,3,0,0,0,0.0,0,0,0.0,0,0.0,NO
37,0,0,2,0,0,1,0,1,0,0,0,0.0,0,0,0.0,0,0.0,NO
35,0,0,2,0,0,1,0,1,0,0,0,0.0,0,0,0.0,0,0.0,NO
286,0,0,4,1,1,3,0,1,0,0,0,0.0,0,0,0.0,0,0.0,NO
232,0,0,5,5,8,1,0,0,0,0,0,0.0,0,0,0.0,0,0.0,NO
203,0,0,3,5,13,4,0,1,0,0,0,0.0,0,0,0.0,0,0.0,NO
270,0,0,2,1,3,4,0,1,0,0,0,0.0,0,0,0.0,0,0.0,NO
425,0,0,5,5,31,4,3,6,0,0,0,0.0,0,0,0.0,0,0.0,NO
244,0,0,2,6,21,4,3,6,0,0,0,0.0,0,0,0.0,0,0.0,NO
74,0,0,1,1,2,1,0,4,0,0,0,0.0,0,0,0.0,0,0.0,NO
69,0,0,2,1,2,2,0,1,0,0,0,0.0,0,0,0.0,0,0.0,NO
228,0,0,2,2,6,1,0,4,0,0,0,0.0,0,0,0.0,0,0.0,NO
231,0,0,1,2,24,3,0,6,0,0,0,0.0,0,0,0.0,0,0.0,NO
202,0,0,2,4,21,4,0,6,0,0,0,0.0,0,0,0.0,0,0.0,NO
99,0,0,1,2,2,2,0,2,0,0,0,0.0,0,0,0.0,0,0.0,NO
191,0,0,3,1,6,2,0,1,0,0,0,0.0,0,0,0.0,0,0.0,NO
447,0,0,8,6,5,7,1,5,0,0,0,0.0,0,0,0.0,0,0.0,YES
95,0,0,1,0,0,1,0,0,0,0,0,0.0,0,0,0.0,0,0.0,NO
549,0,0,11,12,20,6,0,1,0,0,0,0.0,0,0,0.0,0,0.0,NO
136,0,0,2,2,4,3,0,2,0,0,0,0.0,0,0,0.0,0,0.0,NO
40,0,0,2,0,1,1,0,0,0,0,0,0.0,0,0,0.0,0,0.0,NO
86,0,0,5,1,4,5,0,0,0,0,0,0.0,0,0,0.0,0,0.0,NO
90,0,0,4,0,5,5,0,0,0,0,0,0.0,0,0,0.0,0,0.0,NO
79,0,0,1,4,3,5,2,0,0,0,0,0.0,0,0,0.0,0,0.0,NO
85,0,0,4,0,1,6,2,0,0,0,0,0.0,0,0,0.0,0,0.0,NO
59,0,0,4,4,2,1,2,1,0,0,0,0.0,0,0,0.0,0,0.0,NO
112,0,0,6,1,1,9,0,0,0,0,0,0.0,0,0,0.0,0,0.0,NO
52,0,0,2,1,2,3,0,0,0,0,0,0.0,0,0,0.0,0,0.0,NO
157,1,1,1,0,5,3,0,2,1,0,0,0.0,6,3,3.0,3,3.0,NO
74,0,0,1,0,7,0,0,0,0,0,0,0.0,0,0,0.0,0,0.0,NO
230,1,1,14,8,8,7,2,14,1,0,0,0.0,6,3,3.0,3,3.0,NO
206,1,1,10,8,3,7,2,13,1,5,5,5.0,19,7,7.0,12,7.0,NO
55,0,0,2,1,1,3,4,1,0,0,0,0.0,0,0,0.0,0,0.0,NO
29,0,0,4,0,0,0,0,0,0,0,0,0.0,0,0,0.0,0,0.0,NO
111,0,0,1,6,4,6,2,0,0,0,0,0.0,0,0,0.0,0,0.0,NO
98,0,0,4,0,3,6,2,0,0,0,0,0.0,0,0,0.0,0,0.0,NO
43,0,0,2,0,1,4,0,0,0,0,0,0.0,0,0,0.0,0,0.0,NO
54,0,0,1,0,3,0,0,0,0,0,0,0.0,0,0,0.0,0,0.0,NO
205,0,0,5,5,11,4,0,0,0,0,0,0.0,0,0,0.0,0,0.0,NO
121,0,0,8,3,3,6,0,5,0,0,0,0.0,0,0,0.0,0,0.0,NO
107,0,0,1,0,4,3,4,2,0,0,0,0.0,0,0,0.0,0,0.0,NO
74,0,0,8,2,4,0,0,0,0,0,0,0.0,0,0,0.0,0,0.0,NO
76,0,0,1,1,3,6,0,1,0,0,0,0.0,0,0,0.0,0,0.0,NO
33,1,0,1,0,0,5,0,0,1,33,33,33.0,33,33,33.0,0,33.0,NO
420,1,0,42,7,16,15,2,9,1,8,8,8.0,24,16,16.0,8,16.0,YES
146,0,0,3,2,10,6,0,4,0,0,0,0.0,0,0,0.0,0,0.0,NO
125,0,0,4,4,9,4,0,5,0,0,0,0.0,0,0,0.0,0,0.0,NO
75,0,0,5,1,0,2,0,6,0,0,0,0.0,0,0,0.0,0,0.0,NO
47,0,0,2,0,0,0,0,5,0,0,0,0.0,0,0,0.0,0,0.0,NO
34,0,0,1,0,0,5,0,0,0,0,0,0.0,0,0,0.0,0,0.0,NO
39,0,0,2,0,0,5,0,0,0,0,0,0.0,0,0,0.0,0,0.0,NO
36,0,0,2,0,0,5,0,0,0,0,0,0.0,0,0,0.0,0,0.0,NO
79,0,0,6,2,6,3,5,1,0,0,0,0.0,0,0,0.0,0,0.0,NO
28,0,0,2,0,1,2,0,0,0,0,0,0.0,0,0,0.0,0,0.0,NO
422,0,0,14,6,16,12,0,4,0,0,0,0.0,0,0,0.0,0,0.0,NO
212,1,0,12,3,10,7,0,8,1,1,1,1.0,3,2,2.0,1,2.0,NO
88,0,0,3,1,5,3,0,2,0,0,0,0.0,0,0,0.0,0,0.0,NO
57,0,0,2,0,2,1,0,3,0,0,0,0.0,0,0,0.0,0,0.0,NO
43,0,0,5,0,2,0,0,2,0,0,0,0.0,0,0,0.0,0,0.0,NO
27,0,0,2,0,0,0,0,1,0,0,0,0.0,0,0,0.0,0,0.0,NO
25,0,0,1,0,0,0,0,1,0,0,0,0.0,0,0,0.0,0,0.0,NO
53,0,0,5,0,4,0,0,1,0,0,0,0.0,0,0,0.0,0,0.0,NO
108,1,1,5,2,4,4,0,9,1,3,3,3.0,7,5,5.0,2,5.0,NO
102,1,1,2,1,4,3,0,9,1,5,5,5.0,11,3,3.0,8,3.0,NO
85,0,0,2,3,3,4,3,7,0,0,0,0.0,0,0,0.0,0,0.0,NO
54,0,0,2,1,3,4,0,2,0,0,0,0.0,0,0,0.0,0,0.0,NO
78,0,0,5,2,3,4,1,7,0,0,0,0.0,0,0,0.0,0,0.0,NO
98,0,0,2,3,3,5,3,8,0,0,0,0.0,0,0,0.0,0,0.0,NO
78,0,0,1,4,3,5,0,2,0,0,0,0.0,0,0,0.0,0,0.0,NO
77,0,0,2,3,3,4,0,5,0,0,0,0.0,0,0,0.0,0,0.0,NO
97,0,0,2,12,1,4,0,2,0,0,0,0.0,0,0,0.0,0,0.0,NO
176,0,0,3,11,5,7,6,7,0,0,0,0.0,0,0,0.0,0,0.0,NO
123,0,0,1,7,5,6,6,8,0,0,0,0.0,0,0,0.0,0,0.0,NO
51,0,0,1,0,0,3,0,0,0,0,0,0.0,0,0,0.0,0,0.0,NO
71,0,0,3,3,0,5,0,4,0,0,0,0.0,0,0,0.0,0,0.0,NO
94,1,1,2,2,6,1,0,2,1,2,2,2.0,2,2,2.0,0,2.0,NO
28,0,0,2,0,0,0,0,0,0,0,0,0.0,0,0,0.0,0,0.0,NO
28,0,0,2,0,0,0,0,0,0,0,0,0.0,0,0,0.0,0,0.0,NO
387,0,0,29,8,26,11,3,1,0,0,0,0.0,0,0,0.0,0,0.0,NO
1087,0,0,57,31,77,16,6,0,0,0,0,0.0,0,0,0.0,0,0.0,NO
25,0,0,2,0,0,0,0,0,0,0,0,0.0,0,0,0.0,0,0.0,NO
50,0,0,4,0,1,2,0,0,0,0,0,0.0,0,0,0.0,0,0.0,NO
76,0,0,5,1,1,3,0,1,0,0,0,0.0,0,0,0.0,0,0.0,NO
38,0,0,1,0,0,0,0,0,0,0,0,0.0,0,0,0.0,0,0.0,NO
168,0,0,8,3,12,4,0,3,0,0,0,0.0,0,0,0.0,0,0.0,NO
268,0,0,19,7,9,11,0,5,0,0,0,0.0,0,0,0.0,0,0.0,YES
374,0,0,23,14,13,20,0,7,0,0,0,0.0,0,0,0.0,0,0.0,YES
145,0,0,5,7,4,9,0,1,0,0,0,0.0,0,0,0.0,0,0.0,YES
85,0,0,3,0,6,3,0,0,0,0,0,0.0,0,0,0.0,0,0.0,NO
64,0,0,3,2,3,2,0,0,0,0,0,0.0,0,0,0.0,0,0.0,NO
36,0,0,2,0,3,4,0,0,0,0,0,0.0,0,0,0.0,0,0.0,NO
36,0,0,6,0,0,1,0,0,0,0,0,0.0,0,0,0.0,0,0.0,NO
36,0,0,5,0,0,0,0,0,0,0,0,0.0,0,0,0.0,0,0.0,NO
26,0,0,3,0,0,0,0,1,0,0,0,0.0,0,0,0.0,0,0.0,NO
491,0,0,28,6,43,4,0,7,0,0,0,0.0,0,0,0.0,0,0.0,NO
354,0,0,4,4,27,4,0,7,0,0,0,0.0,0,0,0.0,0,0.0,YES
196,0,0,3,1,15,5,0,6,0,0,0,0.0,0,0,0.0,0,0.0,NO
24,0,0,3,0,0,0,0,0,0,0,0,0.0,0,0,0.0,0,0.0,NO
27,0,0,3,0,0,0,0,0,0,0,0,0.0,0,0,0.0,0,0.0,NO
69,0,0,2,1,4,1,0,7,0,0,0,0.0,0,0,0.0,0,0.0,YES
56,0,0,2,0,3,1,0,6,0,0,0,0.0,0,0,0.0,0,0.0,NO
26,0,0,4,0,0,0,0,0,0,0,0,0.0,0,0,0.0,0,0.0,NO
187,0,0,10,3,2,1,0,5,0,0,0,0.0,0,0,0.0,0,0.0,NO
983,0,0,48,6,51,4,0,1,0,0,0,0.0,0,0,0.0,0,0.0,NO
252,0,0,3,2,22,3,0,2,0,0,0,0.0,0,0,0.0,0,0.0,NO
620,0,0,30,5,29,5,0,3,0,0,0,0.0,0,0,0.0,0,0.0,NO
37,0,0,2,0,0,1,0,1,0,0,0,0.0,0,0,0.0,0,0.0,NO
35,0,0,2,0,0,1,0,1,0,0,0,0.0,0,0,0.0,0,0.0,NO
286,0,0,4,1,1,3,0,1,0,0,0,0.0,0,0,0.0,0,0.0,NO
232,0,0,5,5,8,1,0,0,0,0,0,0.0,0,0,0.0,0,0.0,NO
203,0,0,3,5,13,4,0,1,0,0,0,0.0,0,0,0.0,0,0.0,NO
270,0,0,2,1,3,4,0,1,0,0,0,0.0,0,0,0.0,0,0.0,NO
425,0,0,5,5,31,4,3,6,0,0,0,0.0,0,0,0.0,0,0.0,NO
244,0,0,2,6,21,4,3,6,0,0,0,0.0,0,0,0.0,0,0.0,NO
74,0,0,1,1,2,1,0,4,0,0,0,0.0,0,0,0.0,0,0.0,NO
69,0,0,2,1,2,2,0,1,0,0,0,0.0,0,0,0.0,0,0.0,NO
228,0,0,2,2,6,1,0,4,0,0,0,0.0,0,0,0.0,0,0.0,YES
231,0,0,1,2,24,3,0,6,0,0,0,0.0,0,0,0.0,0,0.0,NO
202,0,0,2,4,21,4,0,6,0,0,0,0.0,0,0,0.0,0,0.0,NO
99,0,0,1,2,2,2,0,2,0,0,0,0.0,0,0,0.0,0,0.0,NO
191,0,0,3,1,6,2,0,1,0,0,0,0.0,0,0,0.0,0,0.0,NO
447,0,0,8,6,5,7,1,5,0,0,0,0.0,0,0,0.0,0,0.0,YES
95,0,0,1,0,0,1,0,0,0,0,0,0.0,0,0,0.0,0,0.0,NO
549,0,0,11,12,20,6,0,1,0,0,0,0.0,0,0,0.0,0,0.0,NO
136,0,0,2,2,4,3,0,2,0,0,0,0.0,0,0,0.0,0,0.0,NO
40,0,0,2,0,1,1,0,0,0,0,0,0.0,0,0,0.0,0,0.0,NO
86,0,0,5,1,4,5,0,0,0,0,0,0.0,0,0,0.0,0,0.0,NO
90,0,0,4,0,5,5,0,0,0,0,0,0.0,0,0,0.0,0,0.0,NO
79,0,0,1,4,3,5,2,0,0,0,0,0.0,0,0,0.0,0,0.0,NO
85,0,0,4,0,1,6,2,0,0,0,0,0.0,0,0,0.0,0,0.0,NO
59,0,0,4,4,2,1,2,1,0,0,0,0.0,0,0,0.0,0,0.0,NO
112,0,0,6,1,1,9,0,0,0,0,0,0.0,0,0,0.0,0,0.0,NO
52,0,0,2,1,2,3,0,0,0,0,0,0.0,0,0,0.0,0,0.0,NO
157,0,0,1,0,5,3,0,2,0,0,0,0.0,0,0,0.0,0,0.0,YES
74,0,0,1,0,7,0,0,0,0,0,0,0.0,0,0,0.0,0,0.0,NO
230,0,0,14,8,8,7,2,14,0,0,0,0.0,0,0,0.0,0,0.0,YES
206,0,0,10,8,3,7,2,13,0,0,0,0.0,0,0,0.0,0,0.0,YES
55,0,0,2,1,1,3,4,1,0,0,0,0.0,0,0,0.0,0,0.0,NO
29,0,0,4,0,0,0,0,0,0,0,0,0.0,0,0,0.0,0,0.0,NO
111,0,0,1,6,4,6,2,0,0,0,0,0.0,0,0,0.0,0,0.0,NO
98,0,0,4,0,3,6,2,0,0,0,0,0.0,0,0,0.0,0,0.0,NO
43,0,0,2,0,1,4,0,0,0,0,0,0.0,0,0,0.0,0,0.0,NO
54,0,0,1,0,3,0,0,0,0,0,0,0.0,0,0,0.0,0,0.0,NO
205,0,0,5,5,11,4,0,0,0,0,0,0.0,0,0,0.0,0,0.0,NO
121,0,0,8,3,3,6,0,5,0,0,0,0.0,0,0,0.0,0,0.0,NO
107,0,0,1,0,4,3,4,2,0,0,0,0.0,0,0,0.0,0,0.0,NO
74,0,0,8,2,4,0,0,0,0,0,0,0.0,0,0,0.0,0,0.0,NO
76,0,0,1,1,3,6,0,1,0,0,0,0.0,0,0,0.0,0,0.0,NO
33,0,0,1,0,0,5,0,0,0,0,0,0.0,0,0,0.0,0,0.0,NO
426,1,1,43,7,16,15,2,9,1,6,6,6.0,10,8,8.0,2,8.0,YES
146,0,0,3,2,10,6,0,4,0,0,0,0.0,0,0,0.0,0,0.0,NO
125,0,0,4,4,9,4,0,5,0,0,0,0.0,0,0,0.0,0,0.0,NO
75,0,0,5,1,0,2,0,6,0,0,0,0.0,0,0,0.0,0,0.0,NO
47,0,0,2,0,0,0,0,5,0,0,0,0.0,0,0,0.0,0,0.0,YES
34,0,0,1,0,0,5,0,0,0,0,0,0.0,0,0,0.0,0,0.0,NO
39,0,0,2,0,0,5,0,0,0,0,0,0.0,0,0,0.0,0,0.0,NO
36,0,0,2,0,0,5,0,0,0,0,0,0.0,0,0,0.0,0,0.0,NO
79,0,0,6,2,6,3,5,1,0,0,0,0.0,0,0,0.0,0,0.0,NO
28,0,0,2,0,1,2,0,0,0,0,0,0.0,0,0,0.0,0,0.0,NO
422,0,0,14,6,16,12,0,4,0,0,0,0.0,0,0,0.0,0,0.0,NO
212,0,0,12,3,10,7,0,8,0,0,0,0.0,0,0,0.0,0,0.0,NO
88,0,0,3,1,5,3,0,2,0,0,0,0.0,0,0,0.0,0,0.0,NO
57,0,0,2,0,2,1,0,3,0,0,0,0.0,0,0,0.0,0,0.0,NO
43,0,0,5,0,2,0,0,2,0,0,0,0.0,0,0,0.0,0,0.0,NO
27,0,0,2,0,0,0,0,1,0,0,0,0.0,0,0,0.0,0,0.0,NO
25,0,0,1,0,0,0,0,1,0,0,0,0.0,0,0,0.0,0,0.0,NO
53,0,0,5,0,4,0,0,1,0,0,0,0.0,0,0,0.0,0,0.0,NO
108,0,0,5,2,4,4,0,9,0,0,0,0.0,0,0,0.0,0,0.0,YES
102,0,0,2,1,4,3,0,9,0,0,0,0.0,0,0,0.0,0,0.0,NO
85,0,0,2,3,3,4,3,7,0,0,0,0.0,0,0,0.0,0,0.0,NO
54,0,0,2,1,3,4,0,2,0,0,0,0.0,0,0,0.0,0,0.0,NO
78,0,0,5,2,3,4,1,7,0,0,0,0.0,0,0,0.0,0,0.0,NO
98,0,0,2,3,3,5,3,8,0,0,0,0.0,0,0,0.0,0,0.0,NO
78,0,0,1,4,3,5,0,2,0,0,0,0.0,0,0,0.0,0,0.0,NO
77,0,0,2,3,3,4,0,5,0,0,0,0.0,0,0,0.0,0,0.0,YES
97,0,0,2,12,1,4,0,2,0,0,0,0.0,0,0,0.0,0,0.0,NO
176,0,0,3,11,5,7,6,7,0,0,0,0.0,0,0,0.0,0,0.0,NO
123,0,0,1,7,5,6,6,8,0,0,0,0.0,0,0,0.0,0,0.0,NO
51,0,0,1,0,0,3,0,0,0,0,0,0.0,0,0,0.0,0,0.0,NO
71,0,0,3,3,0,5,0,4,0,0,0,0.0,0,0,0.0,0,0.0,NO
94,0,0,2,2,6,1,0,2,0,0,0,0.0,0,0,0.0,0,0.0,NO
28,0,0,2,0,0,0,0,0,0,0,0,0.0,0,0,0.0,0,0.0,NO
28,0,0,2,0,0,0,0,0,0,0,0,0.0,0,0,0.0,0,0.0,NO
449,1,0,33,9,33,11,3,1,1,62,62,62.0,130,96,96.0,34,96.0,NO
1087,0,0,57,31,77,16,6,0,0,0,0,0.0,0,0,0.0,0,0.0,YES
25,0,0,2,0,0,0,0,0,0,0,0,0.0,0,0,0.0,0,0.0,NO
50,0,0,4,0,1,2,0,0,0,0,0,0.0,0,0,0.0,0,0.0,NO
76,0,0,5,1,1,3,0,1,0,0,0,0.0,0,0,0.0,0,0.0,NO
38,0,0,1,0,0,0,0,0,0,0,0,0.0,0,0,0.0,0,0.0,NO
168,0,0,8,3,12,4,0,3,0,0,0,0.0,0,0,0.0,0,0.0,NO
268,0,0,19,7,9,11,0,5,0,0,0,0.0,0,0,0.0,0,0.0,YES
371,1,1,22,14,13,19,0,7,1,3,3,3.0,9,3,3.0,6,3.0,YES
145,0,0,5,7,4,9,0,1,0,0,0,0.0,0,0,0.0,0,0.0,YES
85,0,0,3,0,6,3,0,0,0,0,0,0.0,0,0,0.0,0,0.0,NO
64,0,0,3,2,3,2,0,0,0,0,0,0.0,0,0,0.0,0,0.0,NO
36,0,0,2,0,3,4,0,0,0,0,0,0.0,0,0,0.0,0,0.0,NO
36,0,0,6,0,0,1,0,0,0,0,0,0.0,0,0,0.0,0,0.0,NO
39,1,0,6,0,0,0,0,0,1,3,3,3.0,3,3,3.0,0,3.0,NO
26,0,0,3,0,0,0,0,1,0,0,0,0.0,0,0,0.0,0,0.0,NO
504,1,0,28,6,44,4,0,7,1,13,13,13.0,13,13,13.0,0,13.0,YES
357,1,1,4,4,27,4,0,7,1,3,3,3.0,5,4,4.0,1,4.0,YES
196,0,0,3,1,15,5,0,6,0,0,0,0.0,0,0,0.0,0,0.0,NO
24,0,0,3,0,0,0,0,0,0,0,0,0.0,0,0,0.0,0,0.0,NO
27,0,0,3,0,0,0,0,0,0,0,0,0.0,0,0,0.0,0,0.0,NO
69,0,0,2,1,4,1,0,7,0,0,0,0.0,0,0,0.0,0,0.0,YES
56,0,0,2,0,3,1,0,6,0,0,0,0.0,0,0,0.0,0,0.0,NO
26,0,0,4,0,0,0,0,0,0,0,0,0.0,0,0,0.0,0,0.0,NO
187,0,0,10,3,2,1,0,5,0,0,0,0.0,0,0,0.0,0,0.0,NO
983,0,0,48,6,51,4,0,1,0,0,0,0.0,0,0,0.0,0,0.0,NO
252,0,0,3,2,22,3,0,2,0,0,0,0.0,0,0,0.0,0,0.0,NO
620,0,0,30,5,29,5,0,3,0,0,0,0.0,0,0,0.0,0,0.0,NO
37,0,0,2,0,0,1,0,1,0,0,0,0.0,0,0,0.0,0,0.0,NO
35,0,0,2,0,0,1,0,1,0,0,0,0.0,0,0,0.0,0,0.0,NO
286,0,0,4,1,1,3,0,1,0,0,0,0.0,0,0,0.0,0,0.0,NO
232,0,0,5,5,8,1,0,0,0,0,0,0.0,0,0,0.0,0,0.0,NO
203,0,0,3,5,13,4,0,1,0,0,0,0.0,0,0,0.0,0,0.0,NO
270,0,0,2,1,3,4,0,1,0,0,0,0.0,0,0,0.0,0,0.0,NO
425,0,0,5,5,31,4,3,6,0,0,0,0.0,0,0,0.0,0,0.0,NO
244,0,0,2,6,21,4,3,6,0,0,0,0.0,0,0,0.0,0,0.0,NO
74,0,0,1,1,2,1,0,4,0,0,0,0.0,0,0,0.0,0,0.0,NO
69,0,0,2,1,2,2,0,1,0,0,0,0.0,0,0,0.0,0,0.0,NO
247,1,1,2,2,6,1,0,4,1,19,19,19.0,19,19,19.0,0,19.0,NO
231,0,0,1,2,24,3,0,6,0,0,0,0.0,0,0,0.0,0,0.0,NO
202,0,0,2,4,21,4,0,6,0,0,0,0.0,0,0,0.0,0,0.0,NO
99,0,0,1,2,2,2,0,2,0,0,0,0.0,0,0,0.0,0,0.0,NO
191,0,0,3,1,6,2,0,1,0,0,0,0.0,0,0,0.0,0,0.0,NO
447,0,0,8,6,5,7,1,5,0,0,0,0.0,0,0,0.0,0,0.0,YES
95,0,0,1,0,0,1,0,0,0,0,0,0.0,0,0,0.0,0,0.0,NO
549,0,0,11,12,20,6,0,1,0,0,0,0.0,0,0,0.0,0,0.0,NO
136,0,0,2,2,4,3,0,2,0,0,0,0.0,0,0,0.0,0,0.0,NO
40,0,0,2,0,1,1,0,0,0,0,0,0.0,0,0,0.0,0,0.0,NO
86,0,0,5,1,4,5,0,0,0,0,0,0.0,0,0,0.0,0,0.0,NO
90,0,0,4,0,5,5,0,0,0,0,0,0.0,0,0,0.0,0,0.0,NO
79,0,0,1,4,3,5,2,0,0,0,0,0.0,0,0,0.0,0,0.0,NO
85,0,0,4,0,1,6,2,0,0,0,0,0.0,0,0,0.0,0,0.0,NO
59,0,0,4,4,2,1,2,1,0,0,0,0.0,0,0,0.0,0,0.0,NO
105,1,0,5,1,1,9,0,0,1,7,7,7.0,21,7,7.0,14,7.0,NO
52,0,0,2,1,2,3,0,0,0,0,0,0.0,0,0,0.0,0,0.0,NO
157,0,0,1,0,5,3,0,2,0,0,0,0.0,0,0,0.0,0,0.0,YES
74,0,0,1,0,7,0,0,0,0,0,0,0.0,0,0,0.0,0,0.0,NO
243,1,0,16,8,7,7,2,14,1,13,13,13.0,37,25,25.0,12,25.0,YES
227,1,0,11,8,3,7,2,13,1,21,21,21.0,35,28,28.0,7,28.0,YES
55,0,0,2,1,1,3,4,1,0,0,0,0.0,0,0,0.0,0,0.0,NO
29,0,0,4,0,0,0,0,0,0,0,0,0.0,0,0,0.0,0,0.0,NO
111,1,0,1,6,4,6,2,0,1,0,0,0.0,2,1,1.0,1,1.0,NO
113,1,0,5,0,6,6,2,1,1,15,15,15.0,17,16,16.0,1,16.0,NO
71,1,0,4,1,4,4,0,1,1,28,28,28.0,30,29,29.0,1,29.0,NO
54,0,0,1,0,3,0,0,0,0,0,0,0.0,0,0,0.0,0,0.0,NO
205,0,0,5,5,11,4,0,0,0,0,0,0.0,0,0,0.0,0,0.0,NO
121,0,0,8,3,3,6,0,5,0,0,0,0.0,0,0,0.0,0,0.0,NO
107,0,0,1,0,4,3,4,2,0,0,0,0.0,0,0,0.0,0,0.0,NO
74,0,0,8,2,4,0,0,0,0,0,0,0.0,0,0,0.0,0,0.0,NO
55,1,0,2,0,0,3,8,0,1,56,56,56.0,56,56,56.0,0,56.0,NO
104,1,0,10,0,0,1,2,1,1,104,104,104.0,104,104,104.0,0,104.0,NO
61,1,0,2,0,3,0,3,4,1,61,61,61.0,61,61,61.0,0,61.0,NO
148,1,0,8,4,6,3,4,10,1,148,148,148.0,148,148,148.0,0,148.0,NO
66,1,0,4,0,3,1,5,0,1,66,66,66.0,66,66,66.0,0,66.0,NO
87,1,0,3,0,2,1,8,6,1,87,87,87.0,87,87,87.0,0,87.0,NO
85,1,0,3,1,5,1,4,4,1,86,86,86.0,86,86,86.0,0,86.0,NO
72,1,0,4,0,3,2,5,0,1,72,72,72.0,72,72,72.0,0,72.0,NO
54,1,0,5,0,4,0,0,0,1,54,54,54.0,54,54,54.0,0,54.0,NO
60,1,0,3,0,5,2,3,1,1,60,60,60.0,60,60,60.0,0,60.0,NO
76,0,0,1,1,3,6,0,1,0,0,0,0.0,0,0,0.0,0,0.0,NO
33,0,0,1,0,0,5,0,0,0,0,0,0.0,0,0,0.0,0,0.0,NO
430,1,1,43,7,16,15,2,9,1,4,4,4.0,10,7,7.0,3,7.0,YES
146,0,0,3,2,10,6,0,4,0,0,0,0.0,0,0,0.0,0,0.0,YES
125,0,0,4,4,9,4,0,5,0,0,0,0.0,0,0,0.0,0,0.0,YES
75,0,0,5,1,0,2,0,6,0,0,0,0.0,0,0,0.0,0,0.0,NO
47,0,0,2,0,0,0,0,5,0,0,0,0.0,0,0,0.0,0,0.0,YES
34,0,0,1,0,0,5,0,0,0,0,0,0.0,0,0,0.0,0,0.0,NO
39,0,0,2,0,0,5,0,0,0,0,0,0.0,0,0,0.0,0,0.0,NO
36,0,0,2,0,0,5,0,0,0,0,0,0.0,0,0,0.0,0,0.0,NO
79,0,0,6,2,6,3,5,1,0,0,0,0.0,0,0,0.0,0,0.0,NO
28,0,0,2,0,1,2,0,0,0,0,0,0.0,0,0,0.0,0,0.0,NO
426,1,0,14,6,16,12,0,4,1,4,4,4.0,10,7,7.0,3,7.0,NO
212,0,0,12,3,10,7,0,8,0,0,0,0.0,0,0,0.0,0,0.0,NO
88,0,0,3,1,5,3,0,2,0,0,0,0.0,0,0,0.0,0,0.0,NO
57,0,0,2,0,2,1,0,3,0,0,0,0.0,0,0,0.0,0,0.0,NO
43,0,0,5,0,2,0,0,2,0,0,0,0.0,0,0,0.0,0,0.0,NO
27,0,0,2,0,0,0,0,1,0,0,0,0.0,0,0,0.0,0,0.0,NO
25,0,0,1,0,0,0,0,1,0,0,0,0.0,0,0,0.0,0,0.0,NO
53,0,0,5,0,4,0,0,1,0,0,0,0.0,0,0,0.0,0,0.0,NO
108,0,0,5,2,4,4,0,9,0,0,0,0.0,0,0,0.0,0,0.0,YES
102,0,0,2,1,4,3,0,9,0,0,0,0.0,0,0,0.0,0,0.0,NO
85,0,0,2,3,3,4,3,7,0,0,0,0.0,0,0,0.0,0,0.0,NO
54,0,0,2,1,3,4,0,2,0,0,0,0.0,0,0,0.0,0,0.0,NO
78,0,0,5,2,3,4,1,7,0,0,0,0.0,0,0,0.0,0,0.0,NO
98,0,0,2,3,3,5,3,8,0,0,0,0.0,0,0,0.0,0,0.0,NO
78,0,0,1,4,3,5,0,2,0,0,0,0.0,0,0,0.0,0,0.0,NO
77,0,0,2,3,3,4,0,5,0,0,0,0.0,0,0,0.0,0,0.0,YES
97,0,0,2,12,1,4,0,2,0,0,0,0.0,0,0,0.0,0,0.0,NO
176,0,0,3,11,5,7,6,7,0,0,0,0.0,0,0,0.0,0,0.0,NO
123,0,0,1,7,5,6,6,8,0,0,0,0.0,0,0,0.0,0,0.0,NO
51,0,0,1,0,0,3,0,0,0,0,0,0.0,0,0,0.0,0,0.0,NO
71,0,0,3,3,0,5,0,4,0,0,0,0.0,0,0,0.0,0,0.0,NO
94,0,0,2,2,6,1,0,2,0,0,0,0.0,0,0,0.0,0,0.0,NO
28,0,0,2,0,0,0,0,0,0,0,0,0.0,0,0,0.0,0,0.0,NO
28,0,0,2,0,0,0,0,0,0,0,0,0.0,0,0,0.0,0,0.0,NO
449,0,0,33,9,33,11,3,1,0,0,0,0.0,0,0,0.0,0,0.0,NO
1311,4,2,68,32,83,16,6,0,1,224,187,56.0,314,193,67.25,39,67.25,YES
25,0,0,2,0,0,0,0,0,0,0,0,0.0,0,0,0.0,0,0.0,NO
50,0,0,4,0,1,2,0,0,0,0,0,0.0,0,0,0.0,0,0.0,NO
76,0,0,5,1,1,3,0,1,0,0,0,0.0,0,0,0.0,0,0.0,NO
38,0,0,1,0,0,0,0,0,0,0,0,0.0,0,0,0.0,0,0.0,NO
175,1,1,9,3,13,4,0,3,1,7,7,7.0,7,7,7.0,0,7.0,NO
326,2,1,22,8,11,11,0,6,1,58,41,29.0,88,55,36.5,14,36.5,NO
370,2,1,22,15,13,19,0,7,1,25,13,12.5,47,12,11.5,24,11.5,YES
145,1,1,5,6,8,8,0,0,1,0,0,0.0,102,51,51.0,51,51.0,NO
85,0,0,3,0,6,3,0,0,0,0,0,0.0,0,0,0.0,0,0.0,NO
64,0,0,3,2,3,2,0,0,0,0,0,0.0,0,0,0.0,0,0.0,NO
36,0,0,2,0,3,4,0,0,0,0,0,0.0,0,0,0.0,0,0.0,NO
36,0,0,6,0,0,1,0,0,0,0,0,0.0,0,0,0.0,0,0.0,NO
32,1,0,3,0,0,1,0,0,1,7,7,7.0,15,4,4.0,11,4.0,NO
26,0,0,3,0,0,0,0,1,0,0,0,0.0,0,0,0.0,0,0.0,NO
527,4,1,29,6,48,6,0,6,1,23,15,5.75,63,22,10.75,13,10.75,YES
395,6,1,7,4,28,5,0,8,1,38,23,6.333333333333333,108,30,12.166666666666666,11,12.166666666666666,NO
213,3,0,3,3,16,6,0,6,1,17,15,5.666666666666667,75,37,15.333333333333334,22,15.333333333333334,NO
24,1,0,3,0,0,0,0,0,1,24,24,24.0,24,24,24.0,0,24.0,NO
24,0,0,3,0,0,0,0,0,0,0,0,0.0,0,0,0.0,0,0.0,NO
27,0,0,3,0,0,0,0,0,0,0,0,0.0,0,0,0.0,0,0.0,NO
73,2,1,3,2,4,1,0,8,1,6,5,3.0,12,7,4.0,2,4.0,NO
56,0,0,2,0,3,1,0,6,0,0,0,0.0,0,0,0.0,0,0.0,NO
30,1,0,2,0,0,0,0,0,1,4,4,4.0,8,6,6.0,2,6.0,NO
294,1,0,11,4,4,1,0,5,1,107,107,107.0,107,107,107.0,0,107.0,NO
983,0,0,48,6,51,4,0,1,0,0,0,0.0,0,0,0.0,0,0.0,NO
252,0,0,3,2,22,3,0,2,0,0,0,0.0,0,0,0.0,0,0.0,NO
620,0,0,30,5,29,5,0,3,0,0,0,0.0,0,0,0.0,0,0.0,NO
37,1,0,2,0,0,1,0,1,1,0,0,0.0,2,1,1.0,1,1.0,NO
35,0,0,2,0,0,1,0,1,0,0,0,0.0,0,0,0.0,0,0.0,NO
286,0,0,4,1,1,3,0,1,0,0,0,0.0,0,0,0.0,0,0.0,NO
232,0,0,5,5,8,1,0,0,0,0,0,0.0,0,0,0.0,0,0.0,NO
203,0,0,3,5,13,4,0,1,0,0,0,0.0,0,0,0.0,0,0.0,NO
270,0,0,2,1,3,4,0,1,0,0,0,0.0,0,0,0.0,0,0.0,NO
425,0,0,5,5,31,4,3,6,0,0,0,0.0,0,0,0.0,0,0.0,NO
244,0,0,2,6,21,4,3,6,0,0,0,0.0,0,0,0.0,0,0.0,NO
74,0,0,1,1,2,1,0,4,0,0,0,0.0,0,0,0.0,0,0.0,NO
69,0,0,2,1,2,2,0,1,0,0,0,0.0,0,0,0.0,0,0.0,NO
247,0,0,2,2,6,1,0,4,0,0,0,0.0,0,0,0.0,0,0.0,NO
237,1,0,2,2,25,3,0,6,1,6,6,6.0,6,6,6.0,0,6.0,NO
202,0,0,2,4,21,4,0,6,0,0,0,0.0,0,0,0.0,0,0.0,NO
99,0,0,1,2,2,2,0,2,0,0,0,0.0,0,0,0.0,0,0.0,NO
191,0,0,3,1,6,2,0,1,0,0,0,0.0,0,0,0.0,0,0.0,NO
464,2,1,8,6,5,7,1,5,2,19,18,9.5,21,18,9.5,2,9.5,NO
95,0,0,1,0,0,1,0,0,0,0,0,0.0,0,0,0.0,0,0.0,NO
549,0,0,11,12,20,6,0,1,0,0,0,0.0,0,0,0.0,0,0.0,NO
136,0,0,2,2,4,3,0,2,0,0,0,0.0,0,0,0.0,0,0.0,NO
40,0,0,2,0,1,1,0,0,0,0,0,0.0,0,0,0.0,0,0.0,NO
86,0,0,5,1,4,5,0,0,0,0,0,0.0,0,0,0.0,0,0.0,NO
105,2,0,7,0,7,5,0,0,1,18,16,9.0,32,18,11.5,7,11.5,NO
79,1,0,1,4,3,5,2,0,1,0,0,0.0,2,1,1.0,1,1.0,NO
85,0,0,4,0,1,6,2,0,0,0,0,0.0,0,0,0.0,0,0.0,NO
72,1,0,4,4,4,1,2,1,1,13,13,13.0,29,21,21.0,8,21.0,NO
105,0,0,5,1,1,9,0,0,0,0,0,0.0,0,0,0.0,0,0.0,NO
52,0,0,2,1,2,3,0,0,0,0,0,0.0,0,0,0.0,0,0.0,NO
151,3,1,2,8,9,6,18,3,1,153,148,51.0,199,148,58.333333333333336,23,58.333333333333336,NO
264,1,0,8,13,16,14,16,4,1,264,264,264.0,264,264,264.0,0,264.0,NO
183,2,0,5,1,9,3,6,0,1,183,165,91.5,183,165,91.5,0,91.5,NO
195,3,1,2,0,7,4,0,1,1,40,39,13.333333333333334,84,41,20.333333333333332,15,20.333333333333332,NO
76,1,0,1,0,7,0,0,0,1,2,2,2.0,10,6,6.0,4,6.0,NO
250,4,1,17,8,7,7,2,14,2,9,8,2.25,41,15,6.0,7,6.0,NO
237,4,2,13,8,3,7,2,13,1,12,10,3.0,46,22,7.0,12,7.0,NO
55,0,0,2,1,1,3,4,1,0,0,0,0.0,0,0,0.0,0,0.0,NO
35,1,0,6,0,0,0,0,0,1,6,6,6.0,6,6,6.0,0,6.0,NO
110,1,0,1,6,4,6,2,0,1,1,1,1.0,1,0,0.0,1,0.0,NO
114,1,0,5,0,6,6,2,1,1,1,1,1.0,1,1,1.0,0,1.0,NO
71,0,0,4,1,4,4,0,1,0,0,0,0.0,0,0,0.0,0,0.0,NO
54,0,0,1,0,3,0,0,0,0,0,0,0.0,0,0,0.0,0,0.0,NO
267,1,0,5,5,11,7,0,0,1,62,62,62.0,72,67,67.0,5,67.0,NO
55,1,0,1,0,3,0,0,0,1,55,55,55.0,55,55,55.0,0,55.0,NO
46,2,0,3,0,1,2,2,0,1,46,28,23.0,46,28,23.0,0,23.0,NO
226,3,0,10,5,6,9,0,5,2,315,105,105.0,387,117,82.0,117,82.0,NO
54,1,0,2,7,1,0,3,0,1,54,54,54.0,54,54,54.0,0,54.0,NO
266,3,0,9,7,6,10,10,2,2,487,164,162.33333333333334,751,209,151.66666666666666,206,151.66666666666666,NO
74,0,0,8,2,4,0,0,0,0,0,0,0.0,0,0,0.0,0,0.0,NO
359,1,0,23,3,6,10,2,5,1,359,359,359.0,359,359,359.0,0,359.0,NO
78,2,0,1,0,2,2,0,0,1,78,68,39.0,80,68,39.5,1,39.5,NO
181,3,1,10,3,0,6,0,2,2,181,155,60.333333333333336,185,155,61.0,2,61.0,NO
57,2,0,1,0,0,1,0,0,1,57,46,28.5,57,46,28.5,0,28.5,NO
50,1,0,3,0,1,2,2,0,1,50,50,50.0,50,50,50.0,0,50.0,NO
243,3,0,10,3,7,5,0,0,2,247,245,82.33333333333333,253,245,82.66666666666667,3,82.66666666666667,NO
253,2,0,5,5,6,8,9,3,1,253,186,126.5,277,198,132.5,12,132.5,NO
306,2,0,8,5,22,7,0,0,1,306,281,153.0,356,281,165.5,25,165.5,NO
139,2,0,2,0,13,1,0,0,1,139,94,69.5,153,94,73.0,7,73.0,NO
375,6,0,26,16,11,8,6,9,2,405,322,67.5,437,322,67.66666666666667,20,67.66666666666667,NO
75,4,0,13,0,1,0,0,1,1,75,45,18.75,81,45,19.5,2,19.5,NO
222,4,0,1,5,0,7,0,2,1,222,169,55.5,250,169,59.0,13,59.0,NO
28,1,0,2,0,0,1,1,0,1,28,28,28.0,28,28,28.0,0,28.0,NO
55,0,0,2,0,0,3,8,0,0,0,0,0.0,0,0,0.0,0,0.0,NO
149,3,0,19,2,0,3,2,1,1,53,25,17.666666666666668,179,54,37.333333333333336,58,37.333333333333336,NO
25,1,0,3,0,0,0,0,0,1,25,25,25.0,25,25,25.0,0,25.0,NO
50,2,0,2,0,3,0,3,3,1,11,10,5.5,21,4,2.5,14,2.5,NO
41,1,0,2,0,1,1,2,0,1,25,25,25.0,45,10,10.0,35,10.0,NO
101,3,0,7,0,2,3,8,4,1,20,13,6.666666666666667,40,13,9.0,9,9.0,NO
81,1,0,3,1,5,1,4,3,1,4,4,4.0,10,3,3.0,7,3.0,NO
51,1,0,1,0,1,1,2,0,1,21,21,21.0,55,17,17.0,38,17.0,NO
135,1,0,8,4,6,3,4,8,1,135,135,135.0,135,135,135.0,0,135.0,NO
117,2,0,1,6,7,1,15,1,1,117,98,58.5,117,98,58.5,0,58.5,NO
25,1,0,3,0,0,0,0,0,1,25,25,25.0,25,25,25.0,0,25.0,NO
54,1,0,5,0,4,0,0,0,1,0,0,0.0,4,2,2.0,2,2.0,NO
60,0,0,3,0,5,2,3,1,0,0,0,0.0,0,0,0.0,0,0.0,NO
62,1,0,2,1,1,1,3,0,1,62,62,62.0,62,62,62.0,0,62.0,NO
83,1,0,2,3,3,1,7,0,1,83,83,83.0,83,83,83.0,0,83.0,NO
60,1,0,1,1,1,1,4,0,1,60,60,60.0,60,60,60.0,0,60.0,NO
63,1,0,1,2,4,2,5,0,1,63,63,63.0,63,63,63.0,0,63.0,NO
452,2,0,39,3,12,5,0,7,1,454,453,227.0,486,453,234.5,17,234.5,NO
42,1,0,7,0,4,1,0,0,1,42,42,42.0,42,42,42.0,0,42.0,NO
57,1,0,2,1,0,3,8,1,1,58,58,58.0,58,58,58.0,0,58.0,NO
156,2,0,6,5,3,8,12,3,1,156,154,78.0,160,154,79.0,2,79.0,NO
61,1,0,2,0,3,1,3,3,1,61,61,61.0,61,61,61.0,0,61.0,NO
91,1,0,2,5,7,3,4,3,1,91,91,91.0,91,91,91.0,0,91.0,NO
93,1,0,7,4,2,1,9,2,1,93,93,93.0,93,93,93.0,0,93.0,NO
80,1,0,3,2,2,1,8,6,1,80,80,80.0,80,80,80.0,0,80.0,NO
101,2,0,1,1,5,1,3,0,1,105,103,52.5,111,103,53.0,5,53.0,NO
59,1,0,2,0,2,1,3,3,1,59,59,59.0,59,59,59.0,0,59.0,NO
84,1,0,2,2,7,1,4,5,1,84,84,84.0,84,84,84.0,0,84.0,NO
82,1,0,1,3,3,2,5,2,1,82,82,82.0,82,82,82.0,0,82.0,NO
132,2,0,10,7,2,8,9,6,1,132,131,66.0,132,131,66.0,0,66.0,NO
76,0,0,1,1,3,6,0,1,0,0,0,0.0,0,0,0.0,0,0.0,NO
33,0,0,1,0,0,5,0,0,0,0,0,0.0,0,0,0.0,0,0.0,NO
430,3,2,44,7,15,15,2,10,1,10,5,3.3333333333333335,18,5,3.0,6,3.0,NO
153,2,1,3,2,10,6,0,5,1,7,7,3.5,11,8,4.5,1,4.5,NO
122,2,1,4,3,8,4,0,5,1,9,6,4.5,9,3,1.5,6,1.5,NO
75,0,0,5,1,0,2,0,6,0,0,0,0.0,0,0,0.0,0,0.0,NO
60,2,1,3,0,1,1,0,6,1,14,13,7.0,18,14,7.5,2,7.5,NO
34,0,0,1,0,0,5,0,0,0,0,0,0.0,0,0,0.0,0,0.0,NO
39,0,0,2,0,0,5,0,0,0,0,0,0.0,0,0,0.0,0,0.0,NO
36,0,0,2,0,0,5,0,0,0,0,0,0.0,0,0,0.0,0,0.0,NO
79,0,0,6,2,6,3,5,1,0,0,0,0.0,0,0,0.0,0,0.0,NO
28,0,0,2,0,1,2,0,0,0,0,0,0.0,0,0,0.0,0,0.0,NO
438,5,0,17,6,16,12,0,4,1,12,7,2.4,38,11,5.0,8,5.0,YES
194,4,0,13,4,7,8,0,6,1,22,20,5.5,58,7,4.5,27,4.5,NO
99,2,0,7,1,3,3,0,2,1,11,6,5.5,45,22,14.0,17,14.0,NO
55,1,0,3,0,1,1,0,3,1,2,2,2.0,10,4,4.0,6,4.0,NO
43,0,0,5,0,2,0,0,2,0,0,0,0.0,0,0,0.0,0,0.0,NO
27,0,0,2,0,0,0,0,1,0,0,0,0.0,0,0,0.0,0,0.0,NO
25,0,0,1,0,0,0,0,1,0,0,0,0.0,0,0,0.0,0,0.0,NO
53,0,0,5,0,4,0,0,1,0,0,0,0.0,0,0,0.0,0,0.0,NO
108,1,1,5,2,4,4,0,9,1,0,0,0.0,4,2,2.0,2,2.0,NO
103,1,0,2,1,4,3,0,9,1,1,1,1.0,1,1,1.0,0,1.0,NO
85,0,0,2,3,3,4,3,7,0,0,0,0.0,0,0,0.0,0,0.0,NO
54,0,0,2,1,3,4,0,2,0,0,0,0.0,0,0,0.0,0,0.0,NO
78,0,0,5,2,3,4,1,7,0,0,0,0.0,0,0,0.0,0,0.0,NO
98,0,0,2,3,3,5,3,8,0,0,0,0.0,0,0,0.0,0,0.0,NO
99,1,0,2,3,3,8,3,4,1,99,99,99.0,99,99,99.0,0,99.0,NO
79,2,0,1,4,3,5,0,2,1,79,78,39.5,89,78,42.0,5,42.0,NO
78,1,1,2,3,3,4,0,5,1,1,1,1.0,1,1,1.0,0,1.0,NO
101,3,0,2,15,1,4,0,3,1,4,2,1.3333333333333333,10,3,2.3333333333333335,1,2.3333333333333335,NO
177,1,0,3,11,5,7,6,7,1,1,1,1.0,1,1,1.0,0,1.0,NO
123,0,0,1,7,5,6,6,8,0,0,0,0.0,0,0,0.0,0,0.0,NO
88,1,0,2,1,3,6,2,3,1,88,88,88.0,88,88,88.0,0,88.0,NO
51,0,0,1,0,0,3,0,0,0,0,0,0.0,0,0,0.0,0,0.0,NO
119,1,0,3,9,0,10,3,4,1,48,48,48.0,60,54,54.0,6,54.0,NO
124,2,0,3,2,11,1,0,1,1,30,30,15.0,56,41,21.5,11,21.5,NO
169,1,0,1,2,16,8,0,0,1,169,169,169.0,169,169,169.0,0,169.0,NO
28,0,0,2,0,0,0,0,0,0,0,0,0.0,0,0,0.0,0,0.0,NO
28,0,0,2,0,0,0,0,0,0,0,0,0.0,0,0,0.0,0,0.0,NO
449,0,0,33,9,33,11,3,1,0,0,0,0.0,0,0,0.0,0,0.0,NO
1339,2,1,68,32,84,17,6,0,1,28,15,14.0,42,19,17.5,4,17.5,NO
25,0,0,2,0,0,0,0,0,0,0,0,0.0,0,0,0.0,0,0.0,NO
50,0,0,4,0,1,2,0,0,0,0,0,0.0,0,0,0.0,0,0.0,NO
76,0,0,5,1,1,3,0,1,0,0,0,0.0,0,0,0.0,0,0.0,NO
38,0,0,1,0,0,0,0,0,0,0,0,0.0,0,0,0.0,0,0.0,NO
178,1,0,9,3,14,4,0,3,1,3,3,3.0,5,4,4.0,1,4.0,NO
326,0,0,22,8,11,11,0,6,0,0,0,0.0,0,0,0.0,0,0.0,NO
370,0,0,22,15,13,19,0,7,0,0,0,0.0,0,0,0.0,0,0.0,YES
145,0,0,5,6,8,8,0,0,0,0,0,0.0,0,0,0.0,0,0.0,NO
49,1,0,5,0,0,3,0,1,1,49,49,49.0,49,49,49.0,0,49.0,NO
85,0,0,3,0,6,3,0,0,0,0,0,0.0,0,0,0.0,0,0.0,NO
64,0,0,3,2,3,2,0,0,0,0,0,0.0,0,0,0.0,0,0.0,NO
36,0,0,2,0,3,4,0,0,0,0,0,0.0,0,0,0.0,0,0.0,NO
36,0,0,6,0,0,1,0,0,0,0,0,0.0,0,0,0.0,0,0.0,NO
32,0,0,3,0,0,1,0,0,0,0,0,0.0,0,0,0.0,0,0.0,NO
26,0,0,3,0,0,0,0,1,0,0,0,0.0,0,0,0.0,0,0.0,NO
543,1,1,29,7,48,6,0,7,1,16,16,16.0,42,29,29.0,13,29.0,YES
395,0,0,7,4,28,5,0,8,0,0,0,0.0,0,0,0.0,0,0.0,NO
209,1,0,3,2,16,5,0,5,1,4,4,4.0,6,1,1.0,5,1.0,NO
24,0,0,3,0,0,0,0,0,0,0,0,0.0,0,0,0.0,0,0.0,NO
24,0,0,3,0,0,0,0,0,0,0,0,0.0,0,0,0.0,0,0.0,NO
27,0,0,3,0,0,0,0,0,0,0,0,0.0,0,0,0.0,0,0.0,NO
73,0,0,3,2,4,1,0,8,0,0,0,0.0,0,0,0.0,0,0.0,NO
56,0,0,2,0,3,1,0,6,0,0,0,0.0,0,0,0.0,0,0.0,NO
30,0,0,2,0,0,0,0,0,0,0,0,0.0,0,0,0.0,0,0.0,NO
294,0,0,11,4,4,1,0,5,0,0,0,0.0,0,0,0.0,0,0.0,NO
983,0,0,48,6,51,4,0,1,0,0,0,0.0,0,0,0.0,0,0.0,NO
262,1,0,3,2,24,3,0,2,1,10,10,10.0,16,13,13.0,3,13.0,NO
626,1,0,32,5,30,5,0,3,1,6,6,6.0,14,10,10.0,4,10.0,NO
37,0,0,2,0,0,1,0,1,0,0,0,0.0,0,0,0.0,0,0.0,NO
35,0,0,2,0,0,1,0,1,0,0,0,0.0,0,0,0.0,0,0.0,NO
286,0,0,4,1,1,3,0,1,0,0,0,0.0,0,0,0.0,0,0.0,NO
232,0,0,5,5,8,1,0,0,0,0,0,0.0,0,0,0.0,0,0.0,NO
203,0,0,3,5,13,4,0,1,0,0,0,0.0,0,0,0.0,0,0.0,YES
286,1,0,2,1,4,4,0,1,1,16,16,16.0,18,17,17.0,1,17.0,NO
425,0,0,5,5,31,4,3,6,0,0,0,0.0,0,0,0.0,0,0.0,NO
249,1,0,2,6,22,4,3,6,1,5,5,5.0,9,7,7.0,2,7.0,NO
74,0,0,1,1,2,1,0,4,0,0,0,0.0,0,0,0.0,0,0.0,NO
69,0,0,2,1,2,2,0,1,0,0,0,0.0,0,0,0.0,0,0.0,NO
247,0,0,2,2,6,1,0,4,0,0,0,0.0,0,0,0.0,0,0.0,YES
237,0,0,2,2,25,3,0,6,0,0,0,0.0,0,0,0.0,0,0.0,NO
214,1,0,2,4,23,4,0,6,1,12,12,12.0,12,12,12.0,0,12.0,NO
99,0,0,1,2,2,2,0,2,0,0,0,0.0,0,0,0.0,0,0.0,NO
191,0,0,3,1,6,2,0,1,0,0,0,0.0,0,0,0.0,0,0.0,NO
464,0,0,8,6,5,7,1,5,0,0,0,0.0,0,0,0.0,0,0.0,YES
95,0,0,1,0,0,1,0,0,0,0,0,0.0,0,0,0.0,0,0.0,NO
549,0,0,11,12,20,6,0,1,0,0,0,0.0,0,0,0.0,0,0.0,NO
136,0,0,2,2,4,3,0,2,0,0,0,0.0,0,0,0.0,0,0.0,NO
40,0,0,2,0,1,1,0,0,0,0,0,0.0,0,0,0.0,0,0.0,NO
86,0,0,5,1,4,5,0,0,0,0,0,0.0,0,0,0.0,0,0.0,NO
105,0,0,7,0,7,5,0,0,0,0,0,0.0,0,0,0.0,0,0.0,NO
79,0,0,1,4,3,5,2,0,0,0,0,0.0,0,0,0.0,0,0.0,NO
85,0,0,4,0,1,6,2,0,0,0,0,0.0,0,0,0.0,0,0.0,NO
72,0,0,4,4,4,1,2,1,0,0,0,0.0,0,0,0.0,0,0.0,NO
105,0,0,5,1,1,9,0,0,0,0,0,0.0,0,0,0.0,0,0.0,NO
52,0,0,2,1,2,3,0,0,0,0,0,0.0,0,0,0.0,0,0.0,NO
151,0,0,2,8,9,6,18,3,0,0,0,0.0,0,0,0.0,0,0.0,NO
264,0,0,8,13,16,14,16,4,0,0,0,0.0,0,0,0.0,0,0.0,NO
183,0,0,5,1,9,3,6,0,0,0,0,0.0,0,0,0.0,0,0.0,NO
195,0,0,2,0,7,4,0,1,0,0,0,0.0,0,0,0.0,0,0.0,NO
76,0,0,1,0,7,0,0,0,0,0,0,0.0,0,0,0.0,0,0.0,NO
250,0,0,17,8,7,7,2,14,0,0,0,0.0,0,0,0.0,0,0.0,NO
237,0,0,13,8,3,7,2,13,0,0,0,0.0,0,0,0.0,0,0.0,NO
55,0,0,2,1,1,3,4,1,0,0,0,0.0,0,0,0.0,0,0.0,NO
102,1,0,3,6,8,4,6,0,1,102,102,102.0,102,102,102.0,0,102.0,NO
389,1,0,11,7,24,8,6,1,1,389,389,389.0,389,389,389.0,0,389.0,NO
35,0,0,6,0,0,0,0,0,0,0,0,0.0,0,0,0.0,0,0.0,NO
130,1,0,1,7,5,7,2,0,1,20,20,20.0,44,32,32.0,12,32.0,YES
114,0,0,5,0,6,6,2,1,0,0,0,0.0,0,0,0.0,0,0.0,YES
71,0,0,4,1,4,4,0,1,0,0,0,0.0,0,0,0.0,0,0.0,NO
54,0,0,1,0,3,0,0,0,0,0,0,0.0,0,0,0.0,0,0.0,NO
267,0,0,5,5,11,7,0,0,0,0,0,0.0,0,0,0.0,0,0.0,NO
55,0,0,1,0,3,0,0,0,0,0,0,0.0,0,0,0.0,0,0.0,NO
46,0,0,3,0,1,2,2,0,0,0,0,0.0,0,0,0.0,0,0.0,NO
226,0,0,10,5,6,9,0,5,0,0,0,0.0,0,0,0.0,0,0.0,NO
54,0,0,2,7,1,0,3,0,0,0,0,0.0,0,0,0.0,0,0.0,NO
266,0,0,9,7,6,10,10,2,0,0,0,0.0,0,0,0.0,0,0.0,NO
74,0,0,8,2,4,0,0,0,0,0,0,0.0,0,0,0.0,0,0.0,NO
359,0,0,23,3,6,10,2,5,0,0,0,0.0,0,0,0.0,0,0.0,NO
78,0,0,1,0,2,2,0,0,0,0,0,0.0,0,0,0.0,0,0.0,NO
181,0,0,10,3,0,6,0,2,0,0,0,0.0,0,0,0.0,0,0.0,NO
57,0,0,1,0,0,1,0,0,0,0,0,0.0,0,0,0.0,0,0.0,NO
50,0,0,3,0,1,2,2,0,0,0,0,0.0,0,0,0.0,0,0.0,NO
243,0,0,10,3,7,5,0,0,0,0,0,0.0,0,0,0.0,0,0.0,NO
253,0,0,5,5,6,8,9,3,0,0,0,0.0,0,0,0.0,0,0.0,NO
306,0,0,8,5,22,7,0,0,0,0,0,0.0,0,0,0.0,0,0.0,NO
139,0,0,2,0,13,1,0,0,0,0,0,0.0,0,0,0.0,0,0.0,NO
375,0,0,26,16,11,8,6,9,0,0,0,0.0,0,0,0.0,0,0.0,NO
75,0,0,13,0,1,0,0,1,0,0,0,0.0,0,0,0.0,0,0.0,NO
222,0,0,1,5,0,7,0,2,0,0,0,0.0,0,0,0.0,0,0.0,NO
28,0,0,2,0,0,1,1,0,0,0,0,0.0,0,0,0.0,0,0.0,NO
55,0,0,2,0,0,3,8,0,0,0,0,0.0,0,0,0.0,0,0.0,NO
154,1,0,20,2,0,3,2,1,1,5,5,5.0,5,5,5.0,0,5.0,NO
25,0,0,3,0,0,0,0,0,0,0,0,0.0,0,0,0.0,0,0.0,NO
50,0,0,2,0,3,0,3,3,0,0,0,0.0,0,0,0.0,0,0.0,NO
41,0,0,2,0,1,1,2,0,0,0,0,0.0,0,0,0.0,0,0.0,NO
101,0,0,7,0,2,3,8,4,0,0,0,0.0,0,0,0.0,0,0.0,NO
84,1,0,3,1,5,1,4,3,1,3,3,3.0,23,13,13.0,10,13.0,NO
51,0,0,1,0,1,1,2,0,0,0,0,0.0,0,0,0.0,0,0.0,NO
135,0,0,8,4,6,3,4,8,0,0,0,0.0,0,0,0.0,0,0.0,NO
117,0,0,1,6,7,1,15,1,0,0,0,0.0,0,0,0.0,0,0.0,NO
25,0,0,3,0,0,0,0,0,0,0,0,0.0,0,0,0.0,0,0.0,NO
54,0,0,5,0,4,0,0,0,0,0,0,0.0,0,0,0.0,0,0.0,NO
60,0,0,3,0,5,2,3,1,0,0,0,0.0,0,0,0.0,0,0.0,NO
62,0,0,2,1,1,1,3,0,0,0,0,0.0,0,0,0.0,0,0.0,NO
83,0,0,2,3,3,1,7,0,0,0,0,0.0,0,0,0.0,0,0.0,NO
60,0,0,1,1,1,1,4,0,0,0,0,0.0,0,0,0.0,0,0.0,NO
63,0,0,1,2,4,2,5,0,0,0,0,0.0,0,0,0.0,0,0.0,NO
452,0,0,39,3,12,5,0,7,0,0,0,0.0,0,0,0.0,0,0.0,NO
43,1,0,2,0,0,1,7,0,1,43,43,43.0,43,43,43.0,0,43.0,NO
247,1,0,6,6,19,9,14,4,1,247,247,247.0,247,247,247.0,0,247.0,NO
35,1,0,2,0,0,1,2,0,1,36,36,36.0,36,36,36.0,0,36.0,NO
42,0,0,7,0,4,1,0,0,0,0,0,0.0,0,0,0.0,0,0.0,NO
57,0,0,2,1,0,3,8,1,0,0,0,0.0,0,0,0.0,0,0.0,NO
156,0,0,6,5,3,8,12,3,0,0,0,0.0,0,0,0.0,0,0.0,NO
61,0,0,2,0,3,1,3,3,0,0,0,0.0,0,0,0.0,0,0.0,NO
91,0,0,2,5,7,3,4,3,0,0,0,0.0,0,0,0.0,0,0.0,NO
93,0,0,7,4,2,1,9,2,0,0,0,0.0,0,0,0.0,0,0.0,NO
80,0,0,3,2,2,1,8,6,0,0,0,0.0,0,0,0.0,0,0.0,NO
101,0,0,1,1,5,1,3,0,0,0,0,0.0,0,0,0.0,0,0.0,NO
59,0,0,2,0,2,1,3,3,0,0,0,0.0,0,0,0.0,0,0.0,NO
84,0,0,2,2,7,1,4,5,0,0,0,0.0,0,0,0.0,0,0.0,NO
82,0,0,1,3,3,2,5,2,0,0,0,0.0,0,0,0.0,0,0.0,NO
132,0,0,10,7,2,8,9,6,0,0,0,0.0,0,0,0.0,0,0.0,NO
76,0,0,1,1,3,6,0,1,0,0,0,0.0,0,0,0.0,0,0.0,NO
33,0,0,1,0,0,5,0,0,0,0,0,0.0,0,0,0.0,0,0.0,NO
430,0,0,44,7,15,15,2,10,0,0,0,0.0,0,0,0.0,0,0.0,NO
153,0,0,3,2,10,6,0,5,0,0,0,0.0,0,0,0.0,0,0.0,NO
122,0,0,4,3,8,4,0,5,0,0,0,0.0,0,0,0.0,0,0.0,NO
75,0,0,5,1,0,2,0,6,0,0,0,0.0,0,0,0.0,0,0.0,NO
60,0,0,3,0,1,1,0,6,0,0,0,0.0,0,0,0.0,0,0.0,NO
34,0,0,1,0,0,5,0,0,0,0,0,0.0,0,0,0.0,0,0.0,NO
39,0,0,2,0,0,5,0,0,0,0,0,0.0,0,0,0.0,0,0.0,NO
36,0,0,2,0,0,5,0,0,0,0,0,0.0,0,0,0.0,0,0.0,NO
79,0,0,6,2,6,3,5,1,0,0,0,0.0,0,0,0.0,0,0.0,NO
28,0,0,2,0,1,2,0,0,0,0,0,0.0,0,0,0.0,0,0.0,NO
438,0,0,17,6,16,12,0,4,0,0,0,0.0,0,0,0.0,0,0.0,YES
194,0,0,13,4,7,8,0,6,0,0,0,0.0,0,0,0.0,0,0.0,NO
99,0,0,7,1,3,3,0,2,0,0,0,0.0,0,0,0.0,0,0.0,NO
55,0,0,3,0,1,1,0,3,0,0,0,0.0,0,0,0.0,0,0.0,NO
43,0,0,5,0,2,0,0,2,0,0,0,0.0,0,0,0.0,0,0.0,NO
27,0,0,2,0,0,0,0,1,0,0,0,0.0,0,0,0.0,0,0.0,NO
25,0,0,1,0,0,0,0,1,0,0,0,0.0,0,0,0.0,0,0.0,NO
53,0,0,5,0,4,0,0,1,0,0,0,0.0,0,0,0.0,0,0.0,NO
108,0,0,5,2,4,4,0,9,0,0,0,0.0,0,0,0.0,0,0.0,NO
103,0,0,2,1,4,3,0,9,0,0,0,0.0,0,0,0.0,0,0.0,NO
85,0,0,2,3,3,4,3,7,0,0,0,0.0,0,0,0.0,0,0.0,NO
54,0,0,2,1,3,4,0,2,0,0,0,0.0,0,0,0.0,0,0.0,NO
79,1,0,5,2,3,4,1,8,1,1,1,1.0,3,2,2.0,1,2.0,NO
137,1,0,2,5,3,7,3,8,1,39,39,39.0,55,47,47.0,8,47.0,NO
99,0,0,2,3,3,8,3,4,0,0,0,0.0,0,0,0.0,0,0.0,NO
79,0,0,1,4,3,5,0,2,0,0,0,0.0,0,0,0.0,0,0.0,NO
78,0,0,2,3,3,4,0,5,0,0,0,0.0,0,0,0.0,0,0.0,NO
101,0,0,2,15,1,4,0,3,0,0,0,0.0,0,0,0.0,0,0.0,NO
177,0,0,3,11,5,7,6,7,0,0,0,0.0,0,0,0.0,0,0.0,NO
123,0,0,1,7,5,6,6,8,0,0,0,0.0,0,0,0.0,0,0.0,NO
88,0,0,2,1,3,6,2,3,0,0,0,0.0,0,0,0.0,0,0.0,NO
51,0,0,1,0,0,3,0,0,0,0,0,0.0,0,0,0.0,0,0.0,NO
119,0,0,3,9,0,10,3,4,0,0,0,0.0,0,0,0.0,0,0.0,NO
132,1,0,4,2,11,2,0,1,1,8,8,8.0,18,13,13.0,5,13.0,NO
169,0,0,1,2,16,8,0,0,0,0,0,0.0,0,0,0.0,0,0.0,NO
