Rev commit ID,Ticket,Release Name,Creation Date
9eb549d4c308963af0be3288a59b0c4c39cbb5e6,BOOKKEEPER-142,4.1.0,2011-12-12
e32715ad96558a9941910dd6ae91fc1c646baeb6,BOOKKEEPER-148,4.1.0,2012-01-02
c7c8af741a2f532b554dcdabf85237c23ea14aaa,BOOKKEEPER-150,4.1.0,2012-01-03
f56e596d70c66dac170008ffbe19489eee05be08,BOOKKEEPER-153,4.1.0,2012-01-16
cfe3e650b69b2b599dd5b2f27f2164af38c7a2be,BOOKKEEPER-161,4.1.0,2012-02-06
3272204448bf210d03377ba822d01419ad197a17,BOOKKEEPER-167,4.1.0,2012-02-08
bd2efa12f1f63afa90723ce405caebafb4afd6be,BOOKKEEPER-156,4.1.0,2012-01-29
29a472598083e522645f918ec602dd91d800f0d5,BOOKKEEPER-162,4.1.0,2012-02-07
5a3b29d05abd71c6e5d1b3045abafd434db15f24,BOOKKEEPER-152,4.1.0,2012-01-11
3defe9e5110472da995789b5ae14c286f58f1293,BOOKKEEPER-171,4.1.0,2012-02-14
633a23b3a20b27a551328be2efe5f057be3c99e2,BOOKKEEPER-170,4.1.0,2012-02-14
bad375aa35a2c17c466d2be7481e7d16220d59b0,BOOKKEEPER-169,4.1.0,2012-02-14
014bcd501c14141facd0e3eb4bb488ccba3a2b7d,BOOKKEEPER-174,4.1.0,2012-02-16
9523193456992a2edd36106120a8a9f246af6995,BOOKKEEPER-177,4.1.0,2012-02-23
431554da9e2598c73edfbaf671e87cfd9ae94716,BOOKKEEPER-176,4.1.0,2012-02-17
cb8296636b961253f9586f535db285bfafa54a8a,BOOKKEEPER-180,4.1.0,2012-03-01
c6cc7cca3a85603c8e935ba6d06fbf3d8d7a7eb5,BOOKKEEPER-163,4.1.0,2012-02-07
a4bded985ca1346a17ee0dcf08fe9dcd570dcfb7,BOOKKEEPER-184,4.1.0,2012-03-13
33bef6356dfcf14928314e14c20ae73de80bdf99,BOOKKEEPER-182,4.1.0,2012-03-08
3abac4eb86d64286d057d73024a177ef300283b0,BOOKKEEPER-186,4.1.0,2012-03-16
f3a404e4e6b0d0c2a0b2a83d38cdedaff0683e68,BOOKKEEPER-188,4.1.0,2012-03-20
3d32544c0b2b1cd5b184531846a451f518486c7d,BOOKKEEPER-189,4.1.0,2012-03-20
6d56d60831a63fe9520ce156686d0cb1142e44f5,BOOKKEEPER-195,4.1.0,2012-03-28
48304c7c07513a15d26cb61f311c9f4b998fd8fc,BOOKKEEPER-190,4.1.0,2012-03-21
83e8672a10fab050a5bbcc1beeb9a210c1b2b90b,BOOKKEEPER-194,4.1.0,2012-03-28
4b32e049dca4a1a8eea4bfb2325aee2de629b132,BOOKKEEPER-166,4.1.0,2012-02-07
30c68b0bebff1e0a012dd81e8f05ebbf83b4ff5f,BOOKKEEPER-193,4.1.0,2012-03-26
235bc1fec4d60567d113202b44f6fb4c1616d1ce,BOOKKEEPER-198,4.1.0,2012-03-30
f694716e289c448ab89cab5fa81ea0946f9d9193,BOOKKEEPER-207,4.1.0,2012-04-02
8f02fb64ec9612af8422f23ed7908d7f6ccf5332,BOOKKEEPER-212,4.1.0,2012-04-06
df5789843b6624ebda9c6e839458cdfbc3ed7d84,BOOKKEEPER-211,4.1.0,2012-04-06
b5c0791d38a093936016a7989c35363063cdb202,BOOKKEEPER-213,4.1.0,2012-04-06
2f25ef611dd2c8ea2c94b48af09f183d74b6167e,BOOKKEEPER-173,4.1.0,2012-02-16
9efe73998fe1ee72ffae95f3e1b1e65884019710,BOOKKEEPER-242,4.1.0,2012-05-08
d368d86e287ef982fa70e069001e30124ee22b48,BOOKKEEPER-235,4.1.0,2012-05-03
c32edf860040ebba19c6c57d226b12cd487a00d2,BOOKKEEPER-245,4.1.0,2012-05-09
c59b7b8a285e5d4da72aea1232a29f31610c2306,BOOKKEEPER-146,4.1.0,2011-12-21
a1eac18799ddc640bd42e6c038a31e1e26769056,BOOKKEEPER-260,4.1.0,2012-05-15
1dde3e5191e51a6f648c0d16b14ecc1e02fcff0a,BOOKKEEPER-258,4.1.0,2012-05-14
10b9c5b40bcb66690f6a25330500610c8b296779,BOOKKEEPER-281,4.1.0,2012-06-01
a788614f5c73b0ab2c18f73d9eff7a858229a94e,BOOKKEEPER-279,4.1.0,2012-05-31
d5caab3aae143352f2d8c3faea71dce11fdb6b45,BOOKKEEPER-287,4.1.0,2012-06-05
0a3ea6222061e4ba504cdf8ab8937ab26f71b5a9,BOOKKEEPER-288,4.1.0,2012-06-07
aa7f37c6095f61e89a290fc608fd14a50bc7b0e0,BOOKKEEPER-274,4.1.0,2012-05-30
9472fae8739be41301847b1c8e31954f376997e6,BOOKKEEPER-298,4.1.1,2012-06-14
18728877881a23d2639eb650d47b7c41bbccd9ca,BOOKKEEPER-292,4.1.1,2012-06-11
d193780cc404c2e3694c82385d7f422accc416f3,BOOKKEEPER-307,4.1.1,2012-06-21
744edf07394472d3146e57831592a69d5a86616c,BOOKKEEPER-303,4.1.1,2012-06-20
4d15e5675c0394cb910e54c9b0d9743e98fb64c7,BOOKKEEPER-302,4.1.1,2012-06-20
441bf650859bc96a49b667961a19afd936b67e4c,BOOKKEEPER-322,4.1.1,2012-06-27
763479b6f94fd4827ee28e9f698cfa9a31095061,BOOKKEEPER-324,4.1.1,2012-07-03
db71147d9df0ad9efa697275e934330d21c99a88,BOOKKEEPER-296,4.1.1,2012-06-14
09e5d180231f5307a58a89d0c89169bca890bddf,BOOKKEEPER-294,4.1.1,2012-06-13
0e06ddeb7e47bd8794fd378629602e41ea4a1fd9,BOOKKEEPER-329,4.1.1,2012-07-09
e60f542937a51dd3bb05b770a989478625c734af,BOOKKEEPER-306,4.1.1,2012-06-21
df619306ca4c6dd9eba94cbc5ce159e43a5b9ee5,BOOKKEEPER-327,4.1.1,2012-07-05
051320f212b2a6263d2d95db780db62911b9c0f6,BOOKKEEPER-349,4.1.1,2012-07-23
3de1c6668a60999230f446011ca27fa7629b4465,BOOKKEEPER-330,4.1.1,2012-07-09
4088f7ac7b700588a935485b0a9723a36cc995f3,BOOKKEEPER-343,4.1.1,2012-07-16
391f9246890b416398e48886fe5ed3c4d2e866ab,BOOKKEEPER-326,4.1.1,2012-07-04
f4daacff80da6802528320f5a920e1989cf20fac,BOOKKEEPER-338,4.1.1,2012-07-12
be94b88ea61b75246586b6495f8d3710d4c4217a,BOOKKEEPER-372,4.1.1,2012-08-17
c0746ba1c9569427d5839e3f350f4d8394f01320,BOOKKEEPER-296,4.1.1,2012-06-14
8e9a19f762fa27d297bf1b401c55fdbabdbcdc82,BOOKKEEPER-381,4.1.1,2012-08-25
c59b3d2e495e4ab7483b161ab9c2ce59f0c1e013,BOOKKEEPER-382,4.1.1,2012-08-25
cb8415d5defb27efeb8fa7ab1c92a60d4f5c31af,BOOKKEEPER-337,4.1.1,2012-07-11
fbfd10fa94d909144c369e1514db31669a16872b,BOOKKEEPER-371,4.1.1,2012-08-17
3d036b0bf3939b042f4ba01a80b8b81ca6774d1b,BOOKKEEPER-395,4.1.1,2012-09-06
06b50969499330d4a5421b48a042fdee63857d23,BOOKKEEPER-387,4.1.1,2012-09-04
6f364a214d2b65f5823af2e5699bbc59dc08a4c9,BOOKKEEPER-383,4.1.1,2012-08-27
26671da549558c4b16da42f2eabfad65fa223831,BOOKKEEPER-396,4.1.1,2012-09-07
6bffc3245ae3c2f9a671a0549f394c192460217f,BOOKKEEPER-392,4.1.1,2012-09-04
c4519d96d592967aaad1d056db3d31cbe56de865,BOOKKEEPER-415,4.1.1,2012-10-04
ce0e7b2077d495ca9f4192da1154f565cb9def5b,BOOKKEEPER-413,4.1.1,2012-10-01
2385d7a7054dd7e4c3241374b1f5f57360a5a468,BOOKKEEPER-436,4.1.1,2012-10-16
eb01b7c1a9d22a55f0107d8b3ba60807d4fd05f4,BOOKKEEPER-424,4.1.1,2012-10-07
2c7236cf339a2de3cf3fbc0aaa8cd88cc4398ca0,BOOKKEEPER-424,4.1.1,2012-10-07
536d86ec4b93909e870d6bc65fba7037360ea036,BOOKKEEPER-425,4.1.1,2012-10-09
0658723fdbcfeceddc983b770d78b01602a64f06,BOOKKEEPER-434,4.1.1,2012-10-15
0a164a8f7166b853cbf874b91f9a82e51f13f668,BOOKKEEPER-468,4.1.1,2012-11-19
10091096ec339c1524877195172325343b20e02f,BOOKKEEPER-466,4.1.1,2012-11-19
afa7a082a6f8ab6936729fb68d84bcebf09e1f19,BOOKKEEPER-454,4.1.1,2012-11-02
b3a05cd74652affe4a69f40609de0b92769e05a4,BOOKKEEPER-467,4.1.1,2012-11-19
8a3b4ac9a70eca5e55f7c5163c9c62d677c06aa7,BOOKKEEPER-471,4.1.1,2012-11-19
d3ee645781a1ed422d53a027e3d397451dd4c0d2,BOOKKEEPER-479,4.1.1,2012-11-27
38336805e367664fbda2a9c6993d5d343c956752,BOOKKEEPER-477,4.1.1,2012-11-23
0d198abad7b41d8326913384967aeb1239ab0528,BOOKKEEPER-457,4.1.1,2012-11-06
aa1fecd255bcc3c23d4037c675df88c9c0ba78ab,BOOKKEEPER-481,4.1.1,2012-11-27
2522f9863b30359b617b6fd2ab6190c1f1cc8570,BOOKKEEPER-480,4.1.1,2012-11-27
e14983cbea5238a75a45bff4f23a8e431a5892f0,BOOKKEEPER-482,4.1.1,2012-11-27
100785f6f1feb2e6dd1c7de769adab5c88e87427,BOOKKEEPER-485,4.1.1,2012-11-27
f12b7896e1640bed64cedb0d96bdd82b6cf26a86,BOOKKEEPER-336,4.1.1,2012-07-10
6a6d25e7e9a2c3cc4370799ec2529915929e5acc,BOOKKEEPER-291,4.1.1,2012-06-11
bdf3bfd631493d82688404dde35eed491ec946ad,BOOKKEEPER-336,4.1.1,2012-07-10
c86eb1c481fd837269d370cbcc248274708b0887,BOOKKEEPER-484,4.1.1,2012-11-27
6030beaba9e770db9b856b8de1b06dab843b2ccc,BOOKKEEPER-470,4.1.1,2012-11-19
7f67e765c73890a2f838ec8f5d43b814ce42c84b,BOOKKEEPER-461,4.1.1,2012-11-11
366d393f2e58acdd5494da4ae60513c3ae5730c4,BOOKKEEPER-475,4.1.1,2012-11-21
40ac04bfee52f2e0fd45397cf5d02fa31236c753,BOOKKEEPER-474,4.1.1,2012-11-21
a063f9b19d035d8c2d9e76e3741368cf41e7d292,BOOKKEEPER-469,4.1.1,2012-11-19
77efd1c00100b533d67e716579b439e94d4050e3,BOOKKEEPER-498,4.1.1,2012-12-10
7fa41ff318a31f973d1de12afe8db0f9893ac653,BOOKKEEPER-497,4.1.1,2012-12-10
55610c26eb3b8b4cd5dd1955a434c2642334c605,BOOKKEEPER-493,4.1.1,2012-12-06
1e35d5d5e6de6a33cd4ca200f3d5d92dcf7cb58d,BOOKKEEPER-404,4.1.1,2012-09-13
b6c1a8bbd7c2d44c2edb59d9938fa073f6f478de,BOOKKEEPER-365,4.1.1,2012-08-14
d58a71dbd1f07a3edf65c4af80ae18a4d9a95755,BOOKKEEPER-458,4.1.1,2012-11-06
496f442a7a68dd549355e845540c6c72c2fbb44c,BOOKKEEPER-336,4.1.1,2012-07-10
d932c9b2181cc9f9b6bb3b43abd5af04cda206b8,BOOKKEEPER-483,4.1.1,2012-11-27
e0011de4475969c19023694f5074b50e5d12a08f,BOOKKEEPER-408,4.1.1,2012-09-17
dffe13f5b16200e192c36547021c34c186d00de8,BOOKKEEPER-504,4.1.1,2012-12-13
8c1e71f2b9cb8425046517f69a5024c31d47783c,BOOKKEEPER-511,4.1.1,2012-12-14
d1a3c6d11eb4433c7e25eeba6ac21fe2db3a2696,BOOKKEEPER-512,4.1.1,2012-12-14
a4d8a34fb0779551208ad003b950e0b9a9d86d42,BOOKKEEPER-509,4.1.1,2012-12-14
a3da8c74c4226b7d92e9d0eba9591334351afa45,BOOKKEEPER-520,4.1.1,2012-12-18
a0ae97c232caafa1fda9955f9aaa9f99564b74fe,BOOKKEEPER-522,4.1.1,2012-12-20
8a396e1f74ff9f9cf25d3b4bfc43c8a112992555,BOOKKEEPER-520,4.1.1,2012-12-18
ea36e59a1c314bf698d572e5f714e0b68e554a6e,BOOKKEEPER-514,4.1.1,2012-12-14
ee29f75f3f6a0168008da2e424e4174f2aee8cbb,BOOKKEEPER-507,4.1.1,2012-12-14
f7ce39d522827a0359a0183eae02694ebb35bafd,BOOKKEEPER-534,4.1.1,2013-01-05
ed9b6037be51845f7cab2446593df695ffcede59,BOOKKEEPER-532,4.1.1,2013-01-05
faf407d5d40e9d476bab2a926f41b993bf87098f,BOOKKEEPER-531,4.1.1,2013-01-05
f0db18abedd30af1d6191d068652b93db0c68fc6,BOOKKEEPER-533,4.1.1,2013-01-05
a9b851b3afe2d8031ad426fdd2e579ba003fe02c,BOOKKEEPER-543,4.1.1,2013-01-10
7c1793d2979b01062682b70687839a978bf65c4c,BOOKKEEPER-530,4.1.1,2012-12-29
4250c1f93962af30e6e40759e006035a7089613e,BOOKKEEPER-538,4.1.1,2013-01-08
1374b7ad2738f6c52a2aed1d0ee4e412aa382086,BOOKKEEPER-539,4.1.1,2013-01-09
96b5aa8e6463c36a0421e47f9892479aa63f885b,BOOKKEEPER-503,4.1.1,2012-12-13
7d8079c446110872d8f6d50eff86268a3cb4e989,BOOKKEEPER-513,4.1.1,2012-12-14
7bed2a74a98f49b31c1653a513944f60a359776c,BOOKKEEPER-544,4.2.1,2013-01-11
f060c0d2745b47314562bc94ecb5f525e2addb07,BOOKKEEPER-561,4.2.1,2013-02-05
3902ae5a6056ba6348f71c873d23f74ac32cebef,BOOKKEEPER-556,4.2.1,2013-01-24
cda181255f0bb2ebc1a69f75b2b6f84b50c4fba0,BOOKKEEPER-569,4.2.1,2013-02-13
040a442bef5b93143a9e07c0b601fddea88c5712,BOOKKEEPER-548,4.2.1,2013-01-16
f4d189431ee77d1133b617dba9e939756cb9d721,BOOKKEEPER-549,4.2.1,2013-01-16
d40d380363f7ab608231e91b84dd94e3478f3773,BOOKKEEPER-567,4.2.1,2013-02-09
94ea9a8629ce404566d875895208dabe82c99fbe,BOOKKEEPER-579,4.2.1,2013-02-27
9f0d2a3e2f4279921f8fa1df8aad708773124cd5,BOOKKEEPER-585,4.2.1,2013-03-14
f2bb5603ff33b8ac54bcdf2daddb61cf3e65de80,BOOKKEEPER-557,4.2.1,2013-01-24
6268be59c7d8cf411860a6807a2cb45bc1c891f4,BOOKKEEPER-586,4.2.1,2013-03-20
feb077afa2e5064f24f011067fd626c81ede8491,BOOKKEEPER-597,4.2.2,2013-04-02
09ec928ee0218caeef5661ba60978fd18b2e553b,BOOKKEEPER-598,4.2.2,2013-04-04
faf2ed87762fabe4f6cb5f629cf5a7132869ca60,BOOKKEEPER-617,4.2.2,2013-06-03
faf2ed87762fabe4f6cb5f629cf5a7132869ca60,BOOKKEEPER-617,4.2.2,2013-06-03
0a208e10117f8c5201e0414ce3d644d2367b5abc,BOOKKEEPER-626,4.2.2,2013-06-14
a3de791cb79873c4f9b99e7ac1b9ade75ea225ac,BOOKKEEPER-619,4.2.2,2013-06-06
119e2034303b45478123a0fa62c1c48925b201c1,BOOKKEEPER-623,4.2.2,2013-06-12
bf3224adf56b74e7d8c2792eec9dcdab9c49e3d3,BOOKKEEPER-620,4.2.2,2013-06-07
0d9708c65998f48ba9b692ff5532251a0e1b8bc9,BOOKKEEPER-641,4.2.2,2013-07-02
ed3bb58f5cc5cd4176573cb696bb7277c628b26a,BOOKKEEPER-636,4.2.2,2013-06-26
f3731732ce984f41b8530939254706f9e597583d,BOOKKEEPER-610,4.2.2,2013-05-10
d9682edfc57911ccb9d70ae41c6627112a96a355,BOOKKEEPER-635,4.2.2,2013-06-26
4a2c740129d506f620dcfbdb5e1e852258a726d2,BOOKKEEPER-646,4.2.2,2013-07-08
61e619c2b2215fca05df3498256e3f0966a668ff,BOOKKEEPER-652,4.2.2,2013-07-20
d3328c5a78137de5416f3d8bc1f269f2ac648e6b,BOOKKEEPER-642,4.2.2,2013-07-05
22509a7a2c8acbd5cce182529169fc0057e55b0d,BOOKKEEPER-663,4.2.2,2013-07-26
d1ad860f8e83530e0d8f1498a35da2e9fbb85962,BOOKKEEPER-604,4.2.2,2013-04-08
94d65d8d2e3239ad0694d3c2252fca0e3dbea8b3,BOOKKEEPER-667,4.2.2,2013-08-06
2179f1bf6d656d7c5f7e89f2eeaaa0732f0b9608,BOOKKEEPER-668,4.2.2,2013-08-06
f41bb6f8b521e26a0a746530e648a9ca2120af51,BOOKKEEPER-624,4.2.2,2013-06-12
c4fd34f0f13a044c0261732ff2dd454acc4b73de,BOOKKEEPER-632,4.2.2,2013-06-20
d8e6972385e6662ddcf398fc2de47622a9bef22d,BOOKKEEPER-649,4.2.2,2013-07-16
98d6dcec7403c523cfd07cf48ed878e1ab13eae0,BOOKKEEPER-580,4.2.2,2013-02-27
441891b2d76b3b0244d00480e0ab70f2d2121d57,BOOKKEEPER-683,4.2.2,2013-09-12
a3575c3ebcb323a53d7a193488453aa44557c97a,BOOKKEEPER-676,4.3.0,2013-08-23
33ea58027b0a3ba160f7ac19d20568709f453f4d,BOOKKEEPER-673,4.3.0,2013-08-21
9602c32f16184e10873d53c269e270e3cd0ebeed,BOOKKEEPER-664,4.3.0,2013-07-29
f345cb9472250eca2b724fa14b8d2c08425b6a2f,BOOKKEEPER-698,4.3.0,2013-10-29
ea4a13a45d8d2102f5f0098e404d3de66777a39b,BOOKKEEPER-700,4.3.0,2013-10-30
67dccebdbee27476657898a370c4f1808231fc4b,BOOKKEEPER-678,4.3.0,2013-09-01
810f10e9c628604a7697172df79478d9186be637,BOOKKEEPER-711,4.3.0,2013-12-03
42185c2e3d9e6d85b095842ac051f3a3c4a4d22f,BOOKKEEPER-712,4.3.0,2013-12-05
5c3a30f8e423da51b1ee03173a336400335de3b8,BOOKKEEPER-709,4.3.0,2013-11-23
79a73f0f71be5701b44ab47c14f92945989b1417,BOOKKEEPER-714,4.3.0,2013-12-31
78c0d2515f2e381b2c690bdbf2bf9bad03d1250c,BOOKKEEPER-710,4.3.0,2013-11-23
23f3760dd5d79e6894616834aa41d59089c9548a,BOOKKEEPER-719,4.3.0,2014-01-21
7b44d9552d8b854160278582db3f5ca07882358a,BOOKKEEPER-720,4.3.0,2014-01-21
0345c8095ee47aefd7d40a07e2a621079c94f4fd,BOOKKEEPER-708,4.3.0,2013-11-10
94ebe62b8c6ddcd2b52e8bc4eac4e102ff4cf720,BOOKKEEPER-727,4.2.3,2014-02-04
63232dec02952e3404beeafd0c73fc61c2c7cd17,BOOKKEEPER-728,4.2.3,2014-02-04
b62a67b1b11a10fe378a0bef25b846887cd104b1,BOOKKEEPER-729,4.2.3,2014-02-04
3870ff300c64dc41828fdc8c9627e76450cff077,BOOKKEEPER-725,4.2.3,2014-02-04
7e0b69cac5d406c777765bc1fa879520ea9176ec,BOOKKEEPER-726,4.2.3,2014-02-04
8aafd10f6634f039e33b0576d4b61121b494e93a,BOOKKEEPER-724,4.2.3,2014-02-02
f19744d30ed879022a66de885cb1236d54582d2b,BOOKKEEPER-731,4.2.3,2014-02-06
9d4ce1671cd6731b9b9652399c24a91c34e0bc65,BOOKKEEPER-730,4.2.3,2014-02-06
1ac25ebe98dd3038f68fe80e79570b9beceb0be8,BOOKKEEPER-740,4.2.3,2014-03-07
e1838f47800120252a3b5db77b7d1169e1daf801,BOOKKEEPER-742,4.2.3,2014-04-04
54c54f71a5fad10838c66c6a6b28ef13d9388931,BOOKKEEPER-743,4.2.3,2014-04-04
4c27506835dd0a58ee0a37c4422c44237a344b30,BOOKKEEPER-744,4.2.3,2014-04-04
e824ac2691f4e86ac5ced675cd3ffb66f00e059a,BOOKKEEPER-744,4.2.3,2014-04-04
e3594b50f93b881f8ded9fe26c9ae2f875e054ea,BOOKKEEPER-755,4.2.3,2014-05-08
151c50dbe992efcaf0fa831dbf829b792b8bb925,BOOKKEEPER-750,4.2.3,2014-04-29
d67f3a752d291b1f55e5b9597eca6b135d3626ee,BOOKKEEPER-750,4.2.3,2014-04-29
209dbf4982eb997c9691c4331dcaea3b7e4af6d6,BOOKKEEPER-763,4.2.3,2014-05-29
d11665de31b5ee6969128062569f2081b5d9cf79,BOOKKEEPER-751,4.2.3,2014-05-07
d86917af98c2a7442619f1b71aa6d4d1da5945f4,BOOKKEEPER-745,4.2.3,2014-04-04
404b83abafb94b62c0ced2ba7cf6878762643746,BOOKKEEPER-746,4.2.3,2014-04-04
68deb96d2d1de45eea0c358c0eab39847d51e1f8,BOOKKEEPER-766,4.2.3,2014-06-03
80c6e5526c63409e4f359905d0fd319ac7d2b129,BOOKKEEPER-767,4.2.3,2014-06-04
c9db762707538a99a92852e60b88bed577b01377,BOOKKEEPER-765,4.2.3,2014-06-03
37fda574a530eedc6bd3ba5030e2f3e0805c10f8,BOOKKEEPER-768,4.3.1,2014-06-17
8f09334e24deaa8e80674a702c498d802986f3c8,BOOKKEEPER-739,4.3.1,2014-03-04
b6f33e49d0671a5b982bcb3613c5c9844f6aec8b,BOOKKEEPER-774,4.3.1,2014-07-26
0c96765dffe3850ae6fc80397f9bc221421f1fa3,BOOKKEEPER-780,4.3.1,2014-08-28
8f81eba34d2af8444be9f713447e12f4387e5932,BOOKKEEPER-777,4.3.1,2014-08-28
fd6835e4f06d3cbb6a33062f582e4756d0a3139b,BOOKKEEPER-779,4.3.1,2014-08-28
caf9ef945c93833f8cbc3bb0e6e451e1e58855cb,BOOKKEEPER-778,4.3.1,2014-08-28
c918051659f9f9231989531304a0a0a15f0f939e,BOOKKEEPER-783,4.3.1,2014-09-12
4f0e52d027ed277576344ecbde1938ed3eeb7aae,BOOKKEEPER-785,4.3.1,2014-09-17
4a2174a91fbd6b85fed640ef58f1c98fd28ee2d4,BOOKKEEPER-784,4.3.1,2014-09-12
36478d1e639ba099cc4256ca2b2fbcc98f7649dd,BOOKKEEPER-786,4.3.1,2014-09-20
3020fcb555d978c986e4e014e79c14d9817b606a,BOOKKEEPER-793,4.3.1,2014-10-13
b17a30a46a820a9914bcee713f156698d93ff734,BOOKKEEPER-797,4.3.1,2014-11-19
6a94e45c6b813978d6b4fa98eeb87175d0241d96,BOOKKEEPER-815,4.3.1,2014-12-04
78d6e49d4d6bf83ee53655e6198848b896c4239c,BOOKKEEPER-800,4.3.1,2014-11-21
5de01f700ede31f186f5d8d97afac382f1e45327,BOOKKEEPER-799,4.3.1,2014-11-21
130ebfa8f3763c1b98b29124a2bb648b2a810281,BOOKKEEPER-805,4.3.1,2014-11-25
0dfb4fb94d0ccc98e1050f662712d85bcf2003b1,BOOKKEEPER-809,4.3.1,2014-12-04
8a5ac72762480f5f972aafcf1fc8207e12ef76e3,BOOKKEEPER-805,4.3.1,2014-11-25
ff5d2c5125d7d7fbe48d7935524820c55a887124,BOOKKEEPER-809,4.3.1,2014-12-04
2b88b11fa7597254ccbf828f16efc665e852788d,BOOKKEEPER-804,4.3.1,2014-11-24
e790cab6d89de3cff3ee32842347d0176b6e24c5,BOOKKEEPER-813,4.3.1,2014-12-04
e79f8736a7dfc2c7191455e4e88b85a85f0472bf,BOOKKEEPER-795,4.3.1,2014-10-27
0e3d95c9411289b89961e434ce760e3726290761,BOOKKEEPER-814,4.3.1,2014-12-04
91b80f6c8d538fd9c16b30907c95d93ee90af04a,BOOKKEEPER-801,4.3.1,2014-11-21
264995cf2fc97ae527a8c24b369790a424d88d87,BOOKKEEPER-803,4.3.1,2014-11-21
8b23bd30c5e7388e91f650615671d754a9ee2727,BOOKKEEPER-838,4.3.1,2015-02-21
e89ee080f1894143ed3415f27017b89eefe3ceb1,BOOKKEEPER-839,4.3.1,2015-02-24
f2928dca4860b3c1461b99b834992e16901c8a87,BOOKKEEPER-831,4.3.1,2014-12-17
68c5b5a40c33b813482e8a2371eedcb2e0d224e8,BOOKKEEPER-840,4.3.1,2015-03-09
4a4802ab5ef1a98eb40cd2bfb4b2f76409745220,BOOKKEEPER-828,4.3.1,2014-12-16
7177f2a03c52ca0457ea7d1a9c946f194ffb1c5f,BOOKKEEPER-834,4.3.1,2015-01-13
b24cd7fd85bb3235036e660ff3a295dc939705e6,BOOKKEEPER-847,4.3.1,2015-03-28
70da24d504e3f4cba0d87a0914a0add7ea19394d,BOOKKEEPER-848,4.3.1,2015-04-10
da1a2fa6b19ddcdba68834147bf6afbe5bf90cbf,BOOKKEEPER-833,4.3.1,2014-12-23
6688d96b52072496202f607f8c55976472f4c9a6,BOOKKEEPER-835,4.3.1,2015-01-16
5bd2edbf82bd0c8bd9ea9e507b07d23cb856f934,BOOKKEEPER-835,4.3.1,2015-01-16
1387b2be44686abfe78bf4efee4ad52d2d699e12,BOOKKEEPER-854,4.3.1,2015-05-19
6286c39eaa8f7422323fc3405c72f9c6333f444f,BOOKKEEPER-821,4.3.1,2014-12-08
35fbcc357970f126b6b9f9a7bf2a453bd3786044,BOOKKEEPER-858,4.3.2,2015-05-30
8df7e0fb18547e9805238f4bb15d3d0d67978422,BOOKKEEPER-823,4.3.2,2014-12-10
c29a4f2601f72f8543cc4b1db419c84b01de75ce,BOOKKEEPER-863,4.3.2,2015-08-06
a59bd5687e2f5c4a4ac3f2a957543b5a1a3148d8,BOOKKEEPER-802,4.3.2,2014-11-21
9803ee8e6293dcd0346b1ca3cb0f2666b5e12382,BOOKKEEPER-872,4.3.2,2015-09-21
8729d12be50295086e7440dfa5d0256abb7688d5,BOOKKEEPER-883,4.4.0,2015-11-25
626b7e8bb0b84271df97cfbf0a1b157c6cfe5a18,BOOKKEEPER-890,4.4.0,2016-02-03
63395a3e3d9bb253ea2745042631e44a3d195ea0,BOOKKEEPER-893,4.4.0,2016-02-08
9c937f5d814d4079b6134db361a0e2de1e37cd05,BOOKKEEPER-891,4.4.0,2016-02-05
9bd9e061bc225f36d8c9d516d4265aa209e4e90e,BOOKKEEPER-897,4.4.0,2016-02-23
bfa74f736ba270cc1a0bd0f7a1a6c643a00e385d,BOOKKEEPER-899,4.4.0,2016-02-28
fe52b500cfec1c93725fa967ad2d5e0e7350580c,BOOKKEEPER-900,4.4.0,2016-02-29
a77042db1b024b5cb2bdd2a5f49ea18a43bc036b,BOOKKEEPER-898,4.4.0,2016-02-28
410ff7263a477d4b75a43d006adde3549225a4b9,BOOKKEEPER-902,4.4.0,2016-03-08
9a8d62b1d1231f2fe6feca7e0c407a426a1278d5,BOOKKEEPER-769,4.4.0,2014-06-19
1a98088e38ca0a43c26d9a4847619b0a27bb90e8,BOOKKEEPER-594,4.4.0,2013-03-26
e32c38890ffbd0291e24e2b3f2625374b27f1f67,BOOKKEEPER-909,4.4.0,2016-03-31
b1c12c0f41b7c27b2452fef311f12077d771f431,BOOKKEEPER-794,4.4.0,2014-10-17
d607b366ba493617408888a768a99ee3f3ffb976,BOOKKEEPER-578,4.4.0,2013-02-27
19a5efe21ca0b33156a405f1084ddaa9ba4b28f5,BOOKKEEPER-910,4.4.0,2016-04-01
3efde26e0510be38237c73a7bfeeb105f25d8dbe,BOOKKEEPER-914,4.4.0,2016-04-06
f2bc62b85e9bb855416fa4ea424cfd19ae9944e5,BOOKKEEPER-913,4.4.0,2016-04-05
91595fc04ac6168b5a652e803e55caadae757f74,BOOKKEEPER-911,4.4.0,2016-04-02
101de10a817d2a0704ce746eaed90cc0d73ca078,BOOKKEEPER-925,4.4.0,2016-04-27
f8e0331f14a933ad2ed3d933c5eea927020b4967,BOOKKEEPER-925,4.4.0,2016-04-27
d32010f5fcc6a040a56dc8b983cc14d107cff2df,BOOKKEEPER-926,4.4.0,2016-04-30
e5f3afa5ef84dbc466562664f1f8b0cd60779c02,BOOKKEEPER-908,4.5.0,2016-03-29
2506c98f8cc474d538df84ca30d229fbe0470e29,BOOKKEEPER-939,4.5.0,2016-07-11
1f7e47005588eedd879d0b9d163b4f125c6a0d59,BOOKKEEPER-927,4.5.0,2016-05-15
8324632b2983beba1528ab53a999340756c7f563,BOOKKEEPER-933,4.5.0,2016-06-17
bf4a4d6a07f9d615752054c6743035cebd86716e,BOOKKEEPER-924,4.5.0,2016-04-22
4383b0b171d5fdfcdfa55c196998bbc6b7fdc260,BOOKKEEPER-952,4.5.0,2016-10-14
309cbba65c8532ef84c70efe181b3162e3078333,BOOKKEEPER-903,4.5.0,2016-03-09
cc3d2701687ce1a4ff14502e2214a381b43aed5f,BOOKKEEPER-956,4.5.0,2016-10-19
8f0bed9f8401001abd683c420757610996cf96d8,BOOKKEEPER-957,4.5.0,2016-10-19
026ef10e1e9706ead4f1bc6763ded2e28c91480d,BOOKKEEPER-958,4.5.0,2016-10-19
4cf097871d28b70a53f8c6bffaf1c2022e9953b2,BOOKKEEPER-955,4.5.0,2016-10-19
6d2737ca22533aed461ed71e94d2472a6664df3c,BOOKKEEPER-984,4.5.0,2016-12-10
54863473365572f955a8e7a3e022614f5f5e4604,BOOKKEEPER-988,4.5.0,2016-12-18
6e738d0c02ebe6710a24aad505e2fd9386bb8821,BOOKKEEPER-986,4.5.0,2016-12-13
ca7e5fd80662745e7f64ee8f70c66dc9734f6e3a,BOOKKEEPER-907,4.5.0,2016-03-16
13d668f2208bf472e4938cfdfd2de912eaa11275,BOOKKEEPER-959,4.5.0,2016-10-20
32ebf0ad68f85daffdec571e28206339a4d09443,BOOKKEEPER-999,4.5.0,2017-02-08
3d3340be7d754af1738a117ee07e3bed04ec5547,BOOKKEEPER-1013,4.5.0,2017-03-23
bf8ef14bc1bfdde6c6c8edcd7f380b4beca023f6,BOOKKEEPER-852,4.5.0,2015-04-10
9001e300ce0d5d2655d437e3eaa52f91487caed6,BOOKKEEPER-1018,4.5.0,2017-03-27
f30f60889e0810a47797daf4107c0d9bc2ee998c,BOOKKEEPER-1018,4.5.0,2017-03-27
ab707d2c6b3251b2a9a30a6d14074704460b3da5,BOOKKEEPER-1021,4.5.0,2017-04-03
48aa69dd0ba41f5ba7bb2b04f31172c919be4391,BOOKKEEPER-1031,4.5.0,2017-04-10
f74d07d6b96ba3e6f1270d053fa36676cf680304,BOOKKEEPER-1018,4.5.0,2017-03-27
d5af77c05256d5942c19aff2654c5d8f5ac1eb79,BOOKKEEPER-1047,4.5.0,2017-05-04
811ece53a1c975c4e768422f3d622ac9de6b3e41,BOOKKEEPER-1058,4.5.0,2017-05-10
5d43260e84c6121df72c0ee4c844651bfb726638,BOOKKEEPER-1061,4.5.0,2017-05-10
8ba8ab9403dbc464c68caf6e7cd3fc490670731e,BOOKKEEPER-1072,4.5.0,2017-05-25
64bedc2f92d5bb17783c6ea2a2db7ea29170f264,BOOKKEEPER-1075,4.5.0,2017-05-25
6698912e4d35119a2e85a6ea3877c6771073489c,BOOKKEEPER-1077,4.5.0,2017-05-25
fc51f73cbc9cdaae9876bc08cafa3e7a80826207,BOOKKEEPER-1073,4.5.0,2017-05-25
dd08ce1a644de00967dd5fe34ce15caa9789d775,BOOKKEEPER-1074,4.5.0,2017-05-25
55d1dc45c4761f150c59a34b94d21e39e69f872c,BOOKKEEPER-989,4.5.0,2016-12-20
32c2859f0bec9ab74965d954bce038480e4dc2ba,BOOKKEEPER-1098,4.5.0,2017-06-14
f47dd4272f54bb95fd38abdd6c492dbe199dd7a4,BOOKKEEPER-980,4.5.0,2016-11-29
24ac8ead6240aaaaa845afccb4e606fbe0da1602,BOOKKEEPER-1044,4.5.0,2017-04-25
0ccbc0e9c3e6a82d5e44b8347cc6567e043f253f,BOOKKEEPER-1104,4.5.0,2017-07-27
