Ticket Key,Injected Version,Opening Version,Fixed Version,Affected Version List,Number of Commits,Creation Date,Resolution Date
BOOKKEEPER-142,4.0.0,4.1.0,4.1.0,{4.0.0},1,2011-12-12,2011-12-16
BOOKKEEPER-146,4.0.0,4.1.0,4.1.0,{4.0.0},1,2011-12-21,2012-05-25
BOOKKEEPER-148,4.0.0,4.1.0,4.1.0,{4.0.0},1,2012-01-02,2012-01-11
BOOKKEEPER-150,4.0.0,4.1.0,4.1.0,{4.0.0},1,2012-01-03,2012-01-17
BOOKKEEPER-152,4.0.0,4.1.0,4.1.0,{4.0.0},1,2012-01-11,2012-02-13
BOOKKEEPER-153,4.0.0,4.1.0,4.1.0,{4.0.0},1,2012-01-16,2012-01-18
BOOKKEEPER-156,4.0.0,4.1.0,4.1.0,{4.0.0},1,2012-01-29,2012-02-08
BOOKKEEPER-161,4.0.0,4.1.0,4.1.0,{4.0.0},1,2012-02-06,2012-02-07
BOOKKEEPER-162,4.0.0,4.1.0,4.1.0,{4.0.0},1,2012-02-07,2012-02-13
BOOKKEEPER-163,4.0.0,4.1.0,4.1.0,{4.0.0},1,2012-02-07,2012-03-13
BOOKKEEPER-166,4.0.0,4.1.0,4.1.0,{4.0.0},1,2012-02-07,2012-03-30
BOOKKEEPER-167,4.0.0,4.1.0,4.1.0,{4.0.0},1,2012-02-08,2012-02-08
BOOKKEEPER-171,4.0.0,4.1.0,4.1.0,{4.0.0},1,2012-02-14,2012-02-15
BOOKKEEPER-170,4.0.0,4.1.0,4.1.0,{4.0.0},1,2012-02-14,2012-02-15
BOOKKEEPER-169,4.0.0,4.1.0,4.1.0,{4.0.0},1,2012-02-14,2012-02-17
BOOKKEEPER-174,4.0.0,4.1.0,4.1.0,{4.0.0},1,2012-02-16,2012-02-17
BOOKKEEPER-173,4.0.0,4.1.0,4.1.0,{4.0.0},1,2012-02-16,2012-04-20
BOOKKEEPER-176,4.0.0,4.1.0,4.1.0,{4.0.0},1,2012-02-17,2012-03-01
BOOKKEEPER-177,4.0.0,4.1.0,4.1.0,{4.0.0},1,2012-02-23,2012-02-24
BOOKKEEPER-180,4.0.0,4.1.0,4.1.0,{4.0.0},1,2012-03-01,2012-03-08
BOOKKEEPER-182,4.0.0,4.1.0,4.1.0,{4.0.0},1,2012-03-08,2012-03-16
BOOKKEEPER-184,4.0.0,4.1.0,4.1.0,{4.0.0},1,2012-03-13,2012-03-15
BOOKKEEPER-186,4.0.0,4.1.0,4.1.0,{4.0.0},1,2012-03-16,2012-03-19
BOOKKEEPER-189,4.0.0,4.1.0,4.1.0,{4.0.0},1,2012-03-20,2012-03-21
BOOKKEEPER-188,4.0.0,4.1.0,4.1.0,{4.0.0},1,2012-03-20,2012-03-21
BOOKKEEPER-190,4.0.0,4.1.0,4.1.0,{4.0.0},1,2012-03-21,2012-03-29
BOOKKEEPER-193,4.0.0,4.1.0,4.1.0,{4.0.0},1,2012-03-26,2012-03-31
BOOKKEEPER-195,4.0.0,4.1.0,4.1.0,{4.0.0},1,2012-03-28,2012-03-28
BOOKKEEPER-194,4.0.0,4.1.0,4.1.0,{4.0.0},1,2012-03-28,2012-03-29
BOOKKEEPER-198,4.0.0,4.1.0,4.1.0,{4.0.0},1,2012-03-30,2012-03-31
BOOKKEEPER-207,4.0.0,4.1.0,4.1.0,{4.0.0},1,2012-04-02,2012-04-03
BOOKKEEPER-212,4.0.0,4.1.0,4.1.0,{4.0.0},1,2012-04-06,2012-04-09
BOOKKEEPER-211,4.0.0,4.1.0,4.1.0,{4.0.0},1,2012-04-06,2012-04-10
BOOKKEEPER-213,4.0.0,4.1.0,4.1.0,{4.0.0},1,2012-04-06,2012-04-19
BOOKKEEPER-235,4.0.0,4.1.0,4.1.0,{4.0.0},1,2012-05-03,2012-05-09
BOOKKEEPER-242,4.0.0,4.1.0,4.1.0,{4.0.0},1,2012-05-08,2012-05-09
BOOKKEEPER-245,4.0.0,4.1.0,4.1.0,{4.0.0},1,2012-05-09,2012-05-10
BOOKKEEPER-258,4.0.0,4.1.0,4.1.0,{4.0.0},1,2012-05-14,2012-05-26
BOOKKEEPER-260,4.0.0,4.1.0,4.1.0,{4.0.0},1,2012-05-15,2012-05-25
BOOKKEEPER-274,4.0.0,4.1.0,4.1.0,{4.0.0 / 4.1.0},1,2012-05-30,2012-06-12
BOOKKEEPER-279,4.0.0,4.1.0,4.1.0,{4.0.0},1,2012-05-31,2012-06-05
BOOKKEEPER-281,4.0.0,4.1.0,4.1.0,{4.0.0},1,2012-06-01,2012-06-05
BOOKKEEPER-287,4.0.0,4.1.0,4.1.0,{4.0.0},1,2012-06-05,2012-06-06
BOOKKEEPER-288,4.0.0,4.1.0,4.1.0,{4.0.0},1,2012-06-07,2012-06-07
BOOKKEEPER-292,4.1.0,4.1.0,4.1.1,{4.1.0},1,2012-06-11,2012-06-19
BOOKKEEPER-291,4.1.0,4.1.0,4.1.1,{4.1.0},1,2012-06-11,2012-12-03
BOOKKEEPER-294,4.1.0,4.1.1,4.1.1,{4.1.0},1,2012-06-13,2012-07-05
BOOKKEEPER-298,4.1.0,4.1.1,4.1.1,{4.1.0},1,2012-06-14,2012-06-18
BOOKKEEPER-296,4.0.0,4.1.1,4.1.1,{4.0.0},2,2012-06-14,2012-08-17
BOOKKEEPER-303,4.1.0,4.1.1,4.1.1,{4.1.0},1,2012-06-20,2012-06-27
BOOKKEEPER-302,4.1.0,4.1.1,4.1.1,{4.1.0},1,2012-06-20,2012-06-28
BOOKKEEPER-307,4.1.0,4.1.1,4.1.1,{4.1.0},1,2012-06-21,2012-06-27
BOOKKEEPER-306,4.1.0,4.1.1,4.1.1,{4.1.0},1,2012-06-21,2012-07-16
BOOKKEEPER-322,4.1.0,4.1.1,4.1.1,{4.1.0},1,2012-06-27,2012-06-28
BOOKKEEPER-324,4.1.0,4.1.1,4.1.1,{4.1.0},1,2012-07-03,2012-07-04
BOOKKEEPER-326,4.1.0,4.1.1,4.1.1,{4.1.0},1,2012-07-04,2012-08-13
BOOKKEEPER-327,4.0.0,4.1.1,4.1.1,{4.0.0 / 4.1.0},1,2012-07-05,2012-07-24
BOOKKEEPER-329,4.0.0,4.1.1,4.1.1,{4.0.0 / 4.1.0},1,2012-07-09,2012-07-11
BOOKKEEPER-330,4.0.0,4.1.1,4.1.1,{4.0.0 / 4.1.0},1,2012-07-09,2012-07-26
BOOKKEEPER-336,4.1.0,4.1.1,4.1.1,{4.1.0},3,2012-07-10,2012-12-13
BOOKKEEPER-337,4.0.0,4.1.1,4.1.1,{4.0.0},1,2012-07-11,2012-08-28
BOOKKEEPER-338,4.1.0,4.1.1,4.1.1,{4.1.0},1,2012-07-12,2012-08-17
BOOKKEEPER-343,4.1.0,4.1.1,4.1.1,{4.1.0},1,2012-07-16,2012-08-03
BOOKKEEPER-349,4.1.0,4.1.1,4.1.1,{4.1.0},1,2012-07-23,2012-07-26
BOOKKEEPER-355,4.1.0,4.1.1,4.1.1,{4.1.0 / 4.2.0},1,2012-08-08,2013-01-07
BOOKKEEPER-365,4.0.0,4.1.1,4.1.1,{4.0.0 / 4.1.0},1,2012-08-14,2012-12-13
BOOKKEEPER-372,4.1.0,4.1.1,4.1.1,{4.1.0},1,2012-08-17,2012-08-17
BOOKKEEPER-371,4.1.0,4.1.1,4.1.1,{4.1.0},1,2012-08-17,2012-08-28
BOOKKEEPER-382,4.0.0,4.1.1,4.1.1,{4.0.0 / 4.1.0},1,2012-08-25,2012-08-27
BOOKKEEPER-381,4.1.0,4.1.1,4.1.1,{4.1.0},1,2012-08-25,2012-08-27
BOOKKEEPER-383,4.1.0,4.1.1,4.1.1,{4.1.0},1,2012-08-27,2012-09-07
BOOKKEEPER-387,4.1.0,4.1.1,4.1.1,{4.1.0},1,2012-09-04,2012-09-07
BOOKKEEPER-392,4.1.0,4.1.1,4.1.1,{4.1.0},1,2012-09-04,2012-09-13
BOOKKEEPER-395,4.1.0,4.1.1,4.1.1,{4.1.0},1,2012-09-06,2012-09-07
BOOKKEEPER-396,4.1.0,4.1.1,4.1.1,{4.1.0},1,2012-09-07,2012-09-11
BOOKKEEPER-404,4.1.0,4.1.1,4.1.1,{4.1.0},1,2012-09-13,2012-12-13
BOOKKEEPER-408,4.1.0,4.1.1,4.1.1,{4.1.0},1,2012-09-17,2012-12-13
BOOKKEEPER-413,4.1.0,4.1.1,4.1.1,{4.1.0},1,2012-10-01,2012-10-10
BOOKKEEPER-415,4.1.0,4.1.1,4.1.1,{4.1.0},1,2012-10-04,2012-10-10
BOOKKEEPER-424,4.0.0,4.1.1,4.1.1,{4.0.0 / 4.1.0},2,2012-10-07,2012-10-25
BOOKKEEPER-425,4.1.0,4.1.1,4.1.1,{4.1.0},1,2012-10-09,2012-10-26
BOOKKEEPER-434,4.1.0,4.1.1,4.1.1,{4.1.0},1,2012-10-15,2012-10-31
BOOKKEEPER-436,4.1.0,4.1.1,4.1.1,{4.1.0},1,2012-10-16,2012-10-16
BOOKKEEPER-439,4.1.0,4.1.1,4.1.1,{4.1.0 / 4.2.0},1,2012-10-19,2012-10-26
BOOKKEEPER-442,4.1.0,4.1.1,4.1.1,{4.1.0 / 4.2.0},1,2012-10-25,2012-12-03
BOOKKEEPER-454,4.1.0,4.1.1,4.1.1,{4.1.0},1,2012-11-02,2012-11-22
BOOKKEEPER-457,4.1.0,4.1.1,4.1.1,{4.1.0},1,2012-11-06,2012-11-29
BOOKKEEPER-458,4.1.0,4.1.1,4.1.1,{4.1.0},1,2012-11-06,2012-12-13
BOOKKEEPER-461,4.1.0,4.1.1,4.1.1,{4.1.0},1,2012-11-11,2012-12-04
BOOKKEEPER-468,4.1.0,4.1.1,4.1.1,{4.1.0},1,2012-11-19,2012-11-21
BOOKKEEPER-466,4.1.0,4.1.1,4.1.1,{4.1.0},1,2012-11-19,2012-11-21
BOOKKEEPER-467,4.1.0,4.1.1,4.1.1,{4.1.0},1,2012-11-19,2012-11-23
BOOKKEEPER-471,4.1.0,4.1.1,4.1.1,{4.1.0},1,2012-11-19,2012-11-27
BOOKKEEPER-470,4.1.0,4.1.1,4.1.1,{4.1.0},1,2012-11-19,2012-12-04
BOOKKEEPER-469,4.1.0,4.1.1,4.1.1,{4.1.0},1,2012-11-19,2012-12-10
BOOKKEEPER-475,4.1.0,4.1.1,4.1.1,{4.1.0},1,2012-11-21,2012-12-04
BOOKKEEPER-474,4.1.0,4.1.1,4.1.1,{4.1.0},1,2012-11-21,2012-12-08
BOOKKEEPER-477,4.1.0,4.1.1,4.1.1,{4.1.0},1,2012-11-23,2012-11-27
BOOKKEEPER-479,4.1.0,4.1.1,4.1.1,{4.1.0},1,2012-11-27,2012-11-27
BOOKKEEPER-481,4.1.0,4.1.1,4.1.1,{4.1.0},1,2012-11-27,2012-11-30
BOOKKEEPER-480,4.1.0,4.1.1,4.1.1,{4.1.0},1,2012-11-27,2012-11-30
BOOKKEEPER-485,4.1.0,4.1.1,4.1.1,{4.1.0},1,2012-11-27,2012-12-01
BOOKKEEPER-482,4.1.0,4.1.1,4.1.1,{4.1.0},1,2012-11-27,2012-12-01
BOOKKEEPER-484,4.1.0,4.1.1,4.1.1,{4.1.0},1,2012-11-27,2012-12-03
BOOKKEEPER-483,4.1.0,4.1.1,4.1.1,{4.1.0},1,2012-11-27,2012-12-13
BOOKKEEPER-493,4.1.0,4.1.1,4.1.1,{4.1.0},1,2012-12-06,2012-12-12
BOOKKEEPER-498,4.1.0,4.1.1,4.1.1,{4.1.0},1,2012-12-10,2012-12-10
BOOKKEEPER-497,4.1.0,4.1.1,4.1.1,{4.1.0},1,2012-12-10,2012-12-12
BOOKKEEPER-500,4.1.0,4.1.1,4.1.1,{4.1.0 / 4.2.0},1,2012-12-11,2012-12-18
BOOKKEEPER-504,4.1.0,4.1.1,4.1.1,{4.1.0},1,2012-12-13,2012-12-14
BOOKKEEPER-503,4.1.0,4.1.1,4.1.1,{4.1.0},1,2012-12-13,2013-01-12
BOOKKEEPER-512,4.1.0,4.1.1,4.1.1,{4.1.0},1,2012-12-14,2012-12-15
BOOKKEEPER-511,4.1.0,4.1.1,4.1.1,{4.1.0},1,2012-12-14,2012-12-15
BOOKKEEPER-509,4.1.0,4.1.1,4.1.1,{4.1.0},1,2012-12-14,2012-12-18
BOOKKEEPER-514,4.1.0,4.1.1,4.1.1,{4.1.0},1,2012-12-14,2012-12-28
BOOKKEEPER-507,4.1.0,4.1.1,4.1.1,{4.1.0},1,2012-12-14,2013-01-03
BOOKKEEPER-513,4.1.0,4.1.1,4.1.1,{4.1.0},1,2012-12-14,2013-01-14
BOOKKEEPER-520,4.1.0,4.1.1,4.1.1,{4.1.0},2,2012-12-18,2012-12-27
BOOKKEEPER-522,4.1.0,4.1.1,4.1.1,{4.1.0},1,2012-12-20,2012-12-24
BOOKKEEPER-530,4.1.0,4.1.1,4.1.1,{4.1.0},1,2012-12-29,2013-01-10
BOOKKEEPER-534,4.1.0,4.1.1,4.1.1,{4.1.0},1,2013-01-05,2013-01-07
BOOKKEEPER-532,4.1.0,4.1.1,4.1.1,{4.1.0},1,2013-01-05,2013-01-07
BOOKKEEPER-533,4.1.0,4.1.1,4.1.1,{4.1.0},1,2013-01-05,2013-01-09
BOOKKEEPER-531,4.1.0,4.1.1,4.1.1,{4.1.0},1,2013-01-05,2013-01-09
BOOKKEEPER-538,4.1.0,4.1.1,4.1.1,{4.1.0},1,2013-01-08,2013-01-10
BOOKKEEPER-539,4.1.0,4.1.1,4.1.1,{4.1.0},1,2013-01-09,2013-01-11
BOOKKEEPER-543,4.1.0,4.1.1,4.1.1,{4.1.0},1,2013-01-10,2013-01-10
BOOKKEEPER-544,4.1.1,4.1.1,4.2.2,{4.1.1},2,2013-01-11,2013-06-06
BOOKKEEPER-549,4.1.1,4.2.0,4.2.1,{4.1.1},1,2013-01-16,2013-02-19
BOOKKEEPER-548,4.1.1,4.2.0,4.2.1,{4.1.1},1,2013-01-16,2013-02-19
BOOKKEEPER-554,4.2.0,4.2.1,4.2.1,{4.2.0},1,2013-01-20,2013-02-12
BOOKKEEPER-556,4.1.1,4.2.1,4.2.1,{4.1.1},1,2013-01-24,2013-02-09
BOOKKEEPER-557,4.1.1,4.2.1,4.2.1,{4.1.1},1,2013-01-24,2013-03-25
BOOKKEEPER-559,4.2.0,4.2.1,4.2.1,{4.2.0},1,2013-01-28,2013-03-05
BOOKKEEPER-561,4.1.1,4.2.1,4.2.1,{4.1.1},1,2013-02-05,2013-02-08
BOOKKEEPER-567,4.1.1,4.2.1,4.2.1,{4.1.1},1,2013-02-09,2013-02-19
BOOKKEEPER-568,4.2.0,4.2.1,4.2.1,{4.2.0},1,2013-02-11,2013-02-15
BOOKKEEPER-569,4.1.1,4.2.1,4.2.1,{4.1.1},1,2013-02-13,2013-02-16
BOOKKEEPER-579,4.1.1,4.2.1,4.2.1,{4.1.1},1,2013-02-27,2013-03-08
BOOKKEEPER-580,4.2.1,4.2.1,4.2.2,{4.2.1},1,2013-02-27,2013-08-23
BOOKKEEPER-578,4.2.1,4.2.1,4.4.0,{4.2.1},1,2013-02-27,2016-04-05
BOOKKEEPER-581,4.2.0,4.2.1,4.2.1,{4.2.0 / 4.2.1},1,2013-03-05,2013-03-25
BOOKKEEPER-584,4.2.0,4.2.1,4.2.2,{4.2.0},1,2013-03-12,2013-04-26
BOOKKEEPER-585,4.1.1,4.2.1,4.2.1,{4.1.1},1,2013-03-14,2013-03-17
BOOKKEEPER-586,4.1.1,4.2.1,4.2.1,{4.1.1},1,2013-03-20,2013-03-25
BOOKKEEPER-594,4.2.1,4.2.1,4.4.0,{4.2.1},1,2013-03-26,2016-03-16
BOOKKEEPER-596,4.2.0,4.2.2,4.2.2,{4.2.0 / 4.2.1},1,2013-03-28,2013-07-26
BOOKKEEPER-597,4.2.1,4.2.2,4.2.2,{4.2.1},1,2013-04-02,2013-04-02
BOOKKEEPER-598,4.2.1,4.2.2,4.2.2,{4.2.1},1,2013-04-04,2013-04-07
BOOKKEEPER-599,4.2.0,4.2.2,4.2.2,{4.2.0 / 4.2.1},1,2013-04-05,2013-04-07
BOOKKEEPER-601,4.2.0,4.2.2,4.2.2,{4.2.0 / 4.2.1},1,2013-04-05,2013-07-13
BOOKKEEPER-600,4.2.0,4.2.2,4.2.2,{4.2.0 / 4.2.1},1,2013-04-05,2013-07-14
BOOKKEEPER-602,4.2.0,4.2.2,4.2.3,{4.2.0 / 4.2.1},1,2013-04-05,2014-03-10
BOOKKEEPER-603,4.2.0,4.2.2,4.2.2,{4.2.0 / 4.2.1},1,2013-04-08,2013-06-03
BOOKKEEPER-604,4.2.1,4.2.2,4.2.2,{4.2.1},1,2013-04-08,2013-08-12
BOOKKEEPER-607,4.2.0,4.2.2,4.2.2,{4.2.0 / 4.2.1},1,2013-04-22,2013-07-22
BOOKKEEPER-610,4.2.1,4.2.2,4.2.2,{4.2.1},1,2013-05-10,2013-07-20
BOOKKEEPER-617,4.2.1,4.2.2,4.2.2,{4.2.1},1,2013-06-03,2013-06-05
BOOKKEEPER-619,4.2.1,4.2.2,4.2.2,{4.2.1},1,2013-06-06,2013-06-21
BOOKKEEPER-620,4.2.1,4.2.2,4.2.2,{4.2.1},1,2013-06-07,2013-06-28
BOOKKEEPER-623,4.2.1,4.2.2,4.2.2,{4.2.1 / 4.3.0},1,2013-06-12,2013-06-26
BOOKKEEPER-624,4.2.1,4.2.2,4.2.2,{4.2.1},1,2013-06-12,2013-08-20
BOOKKEEPER-626,4.2.1,4.2.2,4.2.2,{4.2.1 / 4.3.0},1,2013-06-14,2013-06-15
BOOKKEEPER-632,4.2.1,4.2.2,4.2.2,{4.2.1 / 4.3.0},1,2013-06-20,2013-08-21
BOOKKEEPER-636,4.2.1,4.2.2,4.2.2,{4.2.1 / 4.3.0},1,2013-06-26,2013-07-04
BOOKKEEPER-635,4.2.1,4.2.2,4.2.2,{4.2.1},1,2013-06-26,2013-07-20
BOOKKEEPER-641,4.2.1,4.2.2,4.2.2,{4.2.1},1,2013-07-02,2013-07-03
BOOKKEEPER-642,4.2.1,4.2.2,4.2.2,{4.2.1},1,2013-07-05,2013-07-24
BOOKKEEPER-646,4.2.1,4.2.2,4.2.2,{4.2.1},1,2013-07-08,2013-07-20
BOOKKEEPER-649,4.2.1,4.2.2,4.2.2,{4.2.1},1,2013-07-16,2013-08-22
BOOKKEEPER-652,4.2.1,4.2.2,4.2.2,{4.2.1},1,2013-07-20,2013-07-20
BOOKKEEPER-654,4.2.0,4.2.2,4.2.3,{4.2.0},1,2013-07-21,2014-02-21
BOOKKEEPER-663,4.2.1,4.2.2,4.2.2,{4.2.1},1,2013-07-26,2013-07-29
BOOKKEEPER-664,4.2.1,4.2.2,4.3.0,{4.2.1},1,2013-07-29,2013-10-22
BOOKKEEPER-667,4.2.1,4.2.2,4.2.2,{4.2.1},1,2013-08-06,2013-08-13
BOOKKEEPER-668,4.2.1,4.2.2,4.2.2,{4.2.1 / 4.3.0},1,2013-08-06,2013-08-20
BOOKKEEPER-673,4.2.2,4.2.2,4.3.0,{4.2.2},1,2013-08-21,2013-10-14
BOOKKEEPER-676,4.2.2,4.2.2,4.3.0,{4.2.2},1,2013-08-23,2013-10-14
BOOKKEEPER-678,4.2.2,4.2.2,4.3.0,{4.2.2},1,2013-09-01,2013-11-22
BOOKKEEPER-683,4.2.1,4.2.2,4.2.2,{4.2.1},1,2013-09-12,2013-09-27
BOOKKEEPER-686,4.2.0,4.2.2,4.2.2,{4.2.0},1,2013-09-29,2013-10-02
BOOKKEEPER-688,4.2.0,4.2.2,4.2.3,{4.2.0},1,2013-10-04,2014-03-04
BOOKKEEPER-698,4.2.2,4.3.0,4.3.0,{4.2.2},1,2013-10-29,2013-10-30
BOOKKEEPER-700,4.2.2,4.3.0,4.3.0,{4.2.2},1,2013-10-30,2013-10-30
BOOKKEEPER-708,4.3.0,4.3.0,4.2.3,{4.3.0},1,2013-11-10,2014-02-02
BOOKKEEPER-709,4.2.2,4.3.0,4.3.0,{4.2.2},1,2013-11-23,2014-01-03
BOOKKEEPER-710,4.3.0,4.3.0,4.2.3,{4.3.0},1,2013-11-23,2014-04-11
BOOKKEEPER-711,4.2.2,4.3.0,4.3.0,{4.2.2},1,2013-12-03,2013-12-05
BOOKKEEPER-712,4.2.1,4.3.0,4.3.0,{4.2.1},1,2013-12-05,2013-12-05
BOOKKEEPER-714,4.3.0,4.3.0,4.2.3,{4.3.0},1,2013-12-31,2014-03-10
BOOKKEEPER-719,4.2.2,4.3.0,4.3.0,{4.2.2},1,2014-01-21,2014-01-21
BOOKKEEPER-720,4.2.2,4.3.0,4.3.0,{4.2.2},1,2014-01-21,2014-01-22
BOOKKEEPER-724,4.3.0,4.2.3,4.2.3,{4.3.0},1,2014-02-02,2014-02-06
BOOKKEEPER-727,4.3.0,4.2.3,4.2.3,{4.3.0},1,2014-02-04,2014-02-05
BOOKKEEPER-729,4.3.0,4.2.3,4.2.3,{4.3.0},1,2014-02-04,2014-02-06
BOOKKEEPER-728,4.3.0,4.2.3,4.2.3,{4.3.0},1,2014-02-04,2014-02-06
BOOKKEEPER-725,4.3.0,4.2.3,4.2.3,{4.3.0},1,2014-02-04,2014-02-06
BOOKKEEPER-726,4.3.0,4.2.3,4.2.3,{4.3.0},1,2014-02-04,2014-03-10
BOOKKEEPER-731,4.3.0,4.2.3,4.2.3,{4.3.0},1,2014-02-06,2014-02-10
BOOKKEEPER-730,4.3.0,4.2.3,4.2.3,{4.3.0},1,2014-02-06,2014-03-07
BOOKKEEPER-739,4.2.3,4.2.3,4.3.1,{4.2.3},1,2014-03-04,2014-07-23
BOOKKEEPER-740,4.3.0,4.2.3,4.2.3,{4.3.0},1,2014-03-07,2014-03-10
BOOKKEEPER-743,4.3.0,4.2.3,4.2.3,{4.3.0},1,2014-04-04,2014-04-24
BOOKKEEPER-742,4.3.0,4.2.3,4.2.3,{4.3.0},1,2014-04-04,2014-04-24
BOOKKEEPER-744,4.3.0,4.2.3,4.2.3,{4.3.0},2,2014-04-04,2014-05-06
BOOKKEEPER-745,4.3.0,4.2.3,4.2.3,{4.3.0},1,2014-04-04,2014-06-02
BOOKKEEPER-746,4.3.0,4.2.3,4.2.3,{4.3.0},1,2014-04-04,2014-06-03
BOOKKEEPER-750,4.3.0,4.2.3,4.2.3,{4.3.0},2,2014-04-29,2014-05-23
BOOKKEEPER-751,4.3.0,4.2.3,4.2.3,{4.3.0},1,2014-05-07,2014-05-30
BOOKKEEPER-755,4.3.0,4.2.3,4.2.3,{4.3.0},1,2014-05-08,2014-05-14
BOOKKEEPER-763,4.3.0,4.2.3,4.2.3,{4.3.0},1,2014-05-29,2014-05-30
BOOKKEEPER-766,4.3.0,4.2.3,4.2.3,{4.3.0},1,2014-06-03,2014-06-05
BOOKKEEPER-765,4.3.0,4.2.3,4.2.3,{4.3.0},1,2014-06-03,2014-06-10
BOOKKEEPER-767,4.3.0,4.2.3,4.2.3,{4.3.0},1,2014-06-04,2014-06-06
BOOKKEEPER-768,4.2.2,4.2.3,4.3.1,{4.2.2},1,2014-06-17,2014-07-15
BOOKKEEPER-769,4.2.3,4.2.3,4.4.0,{4.2.3},1,2014-06-19,2016-03-16
BOOKKEEPER-774,4.2.3,4.3.1,4.3.1,{4.2.3},1,2014-07-26,2014-08-14
BOOKKEEPER-780,4.2.3,4.3.1,4.3.1,{4.2.3},1,2014-08-28,2014-09-04
BOOKKEEPER-779,4.2.3,4.3.1,4.3.1,{4.2.3},1,2014-08-28,2014-09-06
BOOKKEEPER-777,4.2.3,4.3.1,4.3.1,{4.2.3},1,2014-08-28,2014-09-06
BOOKKEEPER-778,4.2.3,4.3.1,4.3.1,{4.2.3},1,2014-08-28,2014-09-09
BOOKKEEPER-783,4.2.3,4.3.1,4.3.1,{4.2.3},1,2014-09-12,2014-09-17
BOOKKEEPER-784,4.2.3,4.3.1,4.3.1,{4.2.3},1,2014-09-12,2014-09-18
BOOKKEEPER-785,4.2.3,4.3.1,4.3.1,{4.2.3},1,2014-09-17,2014-09-18
BOOKKEEPER-786,4.2.3,4.3.1,4.3.1,{4.2.3},1,2014-09-20,2014-09-22
BOOKKEEPER-793,4.2.3,4.3.1,4.3.1,{4.2.3},1,2014-10-13,2014-10-15
BOOKKEEPER-794,4.3.1,4.3.1,4.4.0,{4.3.1},1,2014-10-17,2016-04-05
BOOKKEEPER-795,4.2.3,4.3.1,4.3.1,{4.2.3},1,2014-10-27,2014-12-09
BOOKKEEPER-797,4.3.0,4.3.1,4.3.1,{4.3.0},1,2014-11-19,2014-11-19
BOOKKEEPER-800,4.2.3,4.3.1,4.3.1,{4.2.3},1,2014-11-21,2014-12-05
BOOKKEEPER-799,4.2.3,4.3.1,4.3.1,{4.2.3},1,2014-11-21,2014-12-09
BOOKKEEPER-803,4.2.3,4.3.1,4.3.1,{4.2.3},1,2014-11-21,2014-12-12
BOOKKEEPER-801,4.2.3,4.3.1,4.3.1,{4.2.3},1,2014-11-21,2014-12-12
BOOKKEEPER-802,4.3.1,4.3.1,4.3.2,{4.3.1},1,2014-11-21,2015-09-07
BOOKKEEPER-804,4.3.0,4.3.1,4.3.1,{4.3.0},1,2014-11-24,2014-12-06
BOOKKEEPER-805,4.3.0,4.3.1,4.3.1,{4.3.0},2,2014-11-25,2014-12-06
BOOKKEEPER-815,4.3.0,4.3.1,4.3.1,{4.3.0 / 4.2.3},1,2014-12-04,2014-12-05
BOOKKEEPER-813,4.3.0,4.3.1,4.3.1,{4.3.0},1,2014-12-04,2014-12-06
BOOKKEEPER-809,4.3.0,4.3.1,4.3.1,{4.3.0},2,2014-12-04,2014-12-06
BOOKKEEPER-814,4.3.0,4.3.1,4.3.1,{4.3.0},1,2014-12-04,2014-12-10
BOOKKEEPER-821,4.3.0,4.3.1,4.3.1,{4.3.0},1,2014-12-08,2015-05-20
BOOKKEEPER-823,4.3.1,4.3.1,4.3.2,{4.3.1},1,2014-12-10,2015-07-07
BOOKKEEPER-828,4.2.3,4.3.1,4.3.1,{4.2.3},1,2014-12-16,2015-03-18
BOOKKEEPER-831,4.2.3,4.3.1,4.3.1,{4.2.3},1,2014-12-17,2015-03-12
BOOKKEEPER-833,4.2.3,4.3.1,4.3.1,{4.2.3},1,2014-12-23,2015-04-21
BOOKKEEPER-834,4.2.3,4.3.1,4.3.1,{4.2.3},1,2015-01-13,2015-03-18
BOOKKEEPER-835,4.2.3,4.3.1,4.3.1,{4.2.3},2,2015-01-16,2015-05-19
BOOKKEEPER-838,4.2.3,4.3.1,4.3.1,{4.2.3},1,2015-02-21,2015-02-23
BOOKKEEPER-839,4.2.3,4.3.1,4.3.1,{4.2.3},1,2015-02-24,2015-03-12
BOOKKEEPER-840,4.2.3,4.3.1,4.3.1,{4.2.3},1,2015-03-09,2015-03-18
BOOKKEEPER-847,4.2.3,4.3.1,4.3.1,{4.2.3},1,2015-03-28,2015-04-21
BOOKKEEPER-848,4.3.0,4.3.1,4.3.1,{4.3.0},1,2015-04-10,2015-04-21
BOOKKEEPER-852,4.3.0,4.3.1,4.5.0,{4.3.0},1,2015-04-10,2017-03-28
BOOKKEEPER-854,4.2.3,4.3.1,4.3.1,{4.2.3},1,2015-05-19,2015-05-20
BOOKKEEPER-858,4.3.1,4.3.2,4.3.2,{4.3.1},1,2015-05-30,2015-06-02
BOOKKEEPER-863,4.3.1,4.3.2,4.3.2,{4.3.1},1,2015-08-06,2015-08-12
BOOKKEEPER-872,4.3.1,4.3.2,4.3.2,{4.3.1},1,2015-09-21,2015-10-10
BOOKKEEPER-883,4.3.2,4.4.0,4.4.0,{4.3.2},1,2015-11-25,2016-02-09
BOOKKEEPER-890,4.3.2,4.4.0,4.4.0,{4.3.2},1,2016-02-03,2016-02-09
BOOKKEEPER-891,4.3.2,4.4.0,4.4.0,{4.3.2},1,2016-02-05,2016-02-09
BOOKKEEPER-893,4.3.2,4.4.0,4.4.0,{4.3.2},1,2016-02-08,2016-02-09
BOOKKEEPER-897,4.3.2,4.4.0,4.4.0,{4.3.2},1,2016-02-23,2016-02-23
BOOKKEEPER-899,4.3.2,4.4.0,4.4.0,{4.3.2},1,2016-02-28,2016-03-08
BOOKKEEPER-898,4.3.2,4.4.0,4.4.0,{4.3.2},1,2016-02-28,2016-03-08
BOOKKEEPER-900,4.3.2,4.4.0,4.4.0,{4.3.2},1,2016-02-29,2016-03-08
BOOKKEEPER-902,4.3.2,4.4.0,4.4.0,{4.3.2},1,2016-03-08,2016-03-14
BOOKKEEPER-903,4.4.0,4.4.0,4.5.0,{4.4.0},1,2016-03-09,2016-11-09
BOOKKEEPER-907,4.4.0,4.4.0,4.5.0,{4.4.0},1,2016-03-16,2017-01-30
BOOKKEEPER-908,4.3.2,4.4.0,4.5.0,{4.3.2},1,2016-03-29,2016-07-11
BOOKKEEPER-909,4.3.2,4.4.0,4.4.0,{4.3.2},1,2016-03-31,2016-03-31
BOOKKEEPER-910,4.3.2,4.4.0,4.4.0,{4.3.2},1,2016-04-01,2016-04-11
BOOKKEEPER-911,4.3.2,4.4.0,4.4.0,{4.3.2},1,2016-04-02,2016-04-27
BOOKKEEPER-913,4.3.2,4.4.0,4.4.0,{4.3.2},1,2016-04-05,2016-04-10
BOOKKEEPER-914,4.3.2,4.4.0,4.4.0,{4.3.2},1,2016-04-06,2016-04-07
BOOKKEEPER-924,4.3.2,4.4.0,4.5.0,{4.3.2},1,2016-04-22,2016-10-13
BOOKKEEPER-925,4.3.2,4.4.0,4.4.0,{4.3.2},2,2016-04-27,2016-04-30
BOOKKEEPER-926,4.3.1,4.4.0,4.4.0,{4.3.1},1,2016-04-30,2016-05-04
BOOKKEEPER-927,4.3.2,4.4.0,4.5.0,{4.3.2},1,2016-05-15,2017-05-24
BOOKKEEPER-933,4.4.0,4.5.0,4.5.0,{4.4.0},1,2016-06-17,2016-07-31
BOOKKEEPER-939,4.4.0,4.5.0,4.5.0,{4.4.0},1,2016-07-11,2016-07-11
BOOKKEEPER-952,4.4.0,4.5.0,4.5.0,{4.4.0},1,2016-10-14,2016-10-20
BOOKKEEPER-958,4.4.0,4.5.0,4.5.0,{4.4.0},1,2016-10-19,2016-11-09
BOOKKEEPER-957,4.4.0,4.5.0,4.5.0,{4.4.0},1,2016-10-19,2016-11-09
BOOKKEEPER-956,4.4.0,4.5.0,4.5.0,{4.4.0},1,2016-10-19,2016-11-09
BOOKKEEPER-955,4.4.0,4.5.0,4.5.0,{4.4.0},1,2016-10-19,2016-11-29
BOOKKEEPER-959,4.4.0,4.5.0,4.5.0,{4.4.0},1,2016-10-20,2017-01-31
BOOKKEEPER-980,4.4.0,4.5.0,4.5.0,{4.4.0},1,2016-11-29,2017-07-18
BOOKKEEPER-984,4.4.0,4.5.0,4.5.0,{4.4.0},1,2016-12-10,2016-12-17
BOOKKEEPER-986,4.4.0,4.5.0,4.5.0,{4.4.0},1,2016-12-13,2016-12-21
BOOKKEEPER-988,4.4.0,4.5.0,4.5.0,{4.4.0},1,2016-12-18,2016-12-20
BOOKKEEPER-989,4.4.0,4.5.0,4.5.0,{4.4.0},1,2016-12-20,2017-06-01
BOOKKEEPER-999,4.4.0,4.5.0,4.5.0,{4.4.0},1,2017-02-08,2017-03-22
BOOKKEEPER-1013,4.4.0,4.5.0,4.5.0,{4.4.0},1,2017-03-23,2017-03-23
BOOKKEEPER-1018,4.4.0,4.5.0,4.5.0,{4.4.0},3,2017-03-27,2017-04-03
BOOKKEEPER-1021,4.4.0,4.5.0,4.5.0,{4.4.0},1,2017-04-03,2017-05-26
BOOKKEEPER-1031,4.4.0,4.5.0,4.5.0,{4.4.0},1,2017-04-10,2017-04-11
BOOKKEEPER-1044,4.4.0,4.5.0,4.5.0,{4.4.0},1,2017-04-25,2017-07-25
BOOKKEEPER-1047,4.4.0,4.5.0,4.5.0,{4.4.0},1,2017-05-04,2017-05-15
BOOKKEEPER-1061,4.4.0,4.5.0,4.5.0,{4.4.0},1,2017-05-10,2017-05-15
BOOKKEEPER-1058,4.4.0,4.5.0,4.5.0,{4.4.0},1,2017-05-10,2017-05-15
BOOKKEEPER-1075,4.4.0,4.5.0,4.5.0,{4.4.0},1,2017-05-25,2017-05-25
BOOKKEEPER-1072,4.4.0,4.5.0,4.5.0,{4.4.0},1,2017-05-25,2017-05-25
BOOKKEEPER-1077,4.4.0,4.5.0,4.5.0,{4.4.0},1,2017-05-25,2017-05-26
BOOKKEEPER-1074,4.4.0,4.5.0,4.5.0,{4.4.0},1,2017-05-25,2017-06-01
BOOKKEEPER-1073,4.4.0,4.5.0,4.5.0,{4.4.0},1,2017-05-25,2017-06-01
BOOKKEEPER-1098,4.4.0,4.5.0,4.5.0,{4.4.0},1,2017-06-14,2017-06-28
BOOKKEEPER-1104,4.4.0,4.5.0,4.5.0,{4.4.0},1,2017-07-27,2017-07-28
